seed,group,status,initial_dv_km_s,best_dv_km_s,budget_dv_km_s,gain_m_s,elapsed_s,continuous_and_window_evaluations,continuous_validation_rejects,scaled_q_change,verified_visits,min_altitude_km,max_miss_m
1,A,completed,13.9768377878734,13.9768349937063,13.9768377878734,0,4.2953965,37,0,0,35,603.015250328748,0.0264526981174439
1,B,completed,13.9768377878734,13.9768349937063,13.9768377878734,0,4.5252348,43,0,0,35,603.015250328748,0.0264526981174439
1,C,completed,13.9768377878734,13.9768339914642,13.9768377878734,0,8.2268282,178,0,0,35,603.015250328748,201.201899240907
1,D,completed,13.9768377878734,13.9768339914642,13.9768377878734,0,8.250656,178,0,0,35,603.015250328748,201.201899240907
2,A,completed,16.2879516533188,16.2758130002482,16.2879516533188,0,3.8117303,79,0,0,35,598.634458321465,0.0346822080881322
2,B,completed,16.2879516533188,16.2879376198789,16.2879516533188,0,3.8143103,83,0,2.34347865500958e-05,35,598.634518789554,0.0189209294949176
2,C,completed,16.2879516533188,16.2878913992542,16.2879516533188,0,7.1251857,182,0,0,35,598.634458321465,0.0294372511013178
2,D,completed,16.2879516533188,16.2878913992542,16.2879516533188,0,6.91285,182,0,0,35,598.634458321465,0.0294372511013178
3,A,completed,16.3923721262626,16.3194066323495,16.3923721262626,0,3.543288,87,0,0,35,598.913658554172,13.0700072760059
3,B,completed,16.3923721262626,16.3863375942547,16.3923721262626,0,3.0256588,72,0,0.00115155539705932,35,598.936167853583,13.0008412421662
3,C,completed,16.3923721262626,16.3868514638374,16.3923721262626,0,6.3092602,182,0,0,35,598.913658554172,15.4602817831939
3,D,completed,16.3923721262626,16.3868514638374,16.3923721262626,0,6.2955892,182,0,0,35,598.913658554172,15.4602817831939
4,A,completed,16.9956026879779,16.9952122755266,16.9956026879779,0,3.5735412,87,0,0,35,395.036868052322,2.98437235874976
4,B,completed,16.9956026879779,16.9924277994926,16.9956026879779,0,3.0711581,69,0,0.00580777166184048,35,395.036868052448,1.93638420679087
4,C,completed,16.9956026879779,16.9955916304259,16.9956026879779,0,6.1749572,182,0,0,35,395.036868052322,2.08258898160003
4,D,completed,16.9956026879779,16.9955916304259,16.9956026879779,0,6.2443475,182,0,0,35,395.036868052322,2.08258898160003
