target,witness_time_s,distance_km
17,9574.32580449921,2.73768594798122e-09
19,33142.4353483038,1.89674683950334e-09
34,44771.8507690069,2.27937395406688e-09
7,68019.0374963709,2.04549770835732e-08
18,92991.8901892596,7.27760656178001e-08
3,106113.574884458,3.12638184972063e-08
9,141129.395340449,1.39353076186233e-08
1,152590.764649238,3.92123362876961e-08
4,193944.954288054,1.90984594708955e-08
20,235108.831378144,3.7315110088432e-08
33,244069.949999073,2.6578003061431e-08
2,270155.467658243,3.07698061398003e-08
21,290333.913911272,1.44169610875132e-08
6,336011.65838237,4.60840801061809e-07
11,364938.795211022,9.15771285941539e-08
5,387405.329409331,1.27352551291285e-07
24,413335.659620299,1.00768834205906e-07
31,437094.145404983,4.42210148616567e-07
22,476320.056738477,7.5162436492186e-08
28,478269.628237193,7.27160893905156e-08
26,502420.524181528,4.83136023793284e-08
29,520186.730687852,1.15914528884447e-07
16,533637.205614754,8.74265257505397e-08
35,576676.575986082,3.16467637385654e-07
15,618783.389368329,1.0888067643346e-06
27,640821.047431482,1.29081607200678e-06
14,654661.403648316,1.88444765493497e-06
23,680930.238842191,1.7868441485166e-06
30,698709.018957113,3.68566804637586e-06
12,719504.416501589,4.48155175096279e-06
25,736906.58022483,2.98204948585602e-06
32,769300.067489465,1.53762786970994e-05
10,789366.213480965,9.89409104024196e-06
13,821858.802211178,9.87079499624084e-06
8,844303.824509165,3.52292019973532e-06
