Index,Name,ObjectType,Lat_deg,Lon_deg,Alt_m,SourceFile,SourceXPath
1,Target1,Facility,23.701,120.5,0,CTOC13.xml,/Scenario/Facility[@Name='Target1']
2,Target2,Facility,36.908,127.879,0,CTOC13.xml,/Scenario/Facility[@Name='Target2']
3,Target3,Facility,40.197,126.361,0,CTOC13.xml,/Scenario/Facility[@Name='Target3']
4,Target4,Facility,56.71800000000001,38.243,0,CTOC13.xml,/Scenario/Facility[@Name='Target4']
5,Target5,Facility,49.409,28.066,0,CTOC13.xml,/Scenario/Facility[@Name='Target5']
6,Target6,Facility,18.442,42.819,0,CTOC13.xml,/Scenario/Facility[@Name='Target6']
7,Target7,Facility,15.505,49.77,0,CTOC13.xml,/Scenario/Facility[@Name='Target7']
8,Target8,Facility,9.984,49.514,0,CTOC13.xml,/Scenario/Facility[@Name='Target8']
9,Target9,Facility,-24.539,32.108,0,CTOC13.xml,/Scenario/Facility[@Name='Target9']
10,Target10,Facility,43.923,23.521,0,CTOC13.xml,/Scenario/Facility[@Name='Target10']
11,Target11,Facility,37.951,33.445,0,CTOC13.xml,/Scenario/Facility[@Name='Target11']
12,Target12,Facility,35.402,-116.512,0,CTOC13.xml,/Scenario/Facility[@Name='Target12']
13,Target13,Facility,36.107,-77.997,0,CTOC13.xml,/Scenario/Facility[@Name='Target13']
14,Target14,Facility,31.315,-83.652,0,CTOC13.xml,/Scenario/Facility[@Name='Target14']
15,Target15,Facility,4.773,-72.428,0,CTOC13.xml,/Scenario/Facility[@Name='Target15']
16,Target16,Facility,-49.807,-70.047,0,CTOC13.xml,/Scenario/Facility[@Name='Target16']
17,Target17,Facility,23.282,105.846,0,CTOC13.xml,/Scenario/Facility[@Name='Target17']
18,Target18,Facility,28.182,94.039,0,CTOC13.xml,/Scenario/Facility[@Name='Target18']
19,Target19,Facility,28.224,78.13,0,CTOC13.xml,/Scenario/Facility[@Name='Target19']
20,Target20,Facility,46.963,-67.55,0,CTOC13.xml,/Scenario/Facility[@Name='Target20']
