Index,Time_s,UTC_ISO,X_m,Y_m,Z_m,Vx_mps,Vy_mps,Vz_mps,Extra1,Extra2,Extra3,Extra4,SourceFile
1,0.0,2035-09-26T12:00:00,-3296692.54878461,-5329906.06566789,1181238.21344316,388.656122315803,-240.694921213838,-1.35584681974944,0.623867110543296,-0.724945230284077,0.260120236900431,-0.132596017382086,CTOC13.xml
2,600.0,2035-09-26T12:10:00,-3052349.60142264,-5473950.98413346,1179171.66949805,399.159988641263,-222.876737717024,-1.39123553929219,0.626837745004791,-0.730536112458369,0.243644227798693,-0.118443742307901,CTOC13.xml
3,1200.0,2035-09-26T12:20:00,-2801732.89525693,-5606800.73694914,1177081.44903369,408.847495563782,-204.60106127001,-1.42377882701602,0.629502685162336,-0.735720756060988,0.227147595117194,-0.104140810957726,CTOC13.xml
4,1800.0,2035-09-26T12:30:00,-2545355.03024808,-5728182.6491914,1174969.34065049,417.698759426045,-185.905271479642,-1.45340988088418,0.63184218300815,-0.7405324769826,0.210538675428636,-0.0897806908765292,CTOC13.xml
5,2400.0,2035-09-26T12:40:00,-2283740.43030812,-5837847.50261428,1172837.17261536,425.695607048305,-166.827610173766,-1.48006785578364,0.633854960047672,-0.744968895918153,0.193825891249762,-0.0753708008361895,CTOC13.xml
6,3000.0,2035-09-26T12:50:00,-2017424.27057772,-5935570.04709895,1170686.80912742,432.821613023665,-147.407103176571,-1.50369798840554,0.635539906483677,-0.749027823976243,0.177017716515285,-0.0609185867847229,CTOC13.xml
7,3600.0,2035-09-26T13:00:00,-1746951.3826388,-6021149.46307469,1168520.14650983,439.062133438163,-127.683480474951,-1.52425170968469,0.636896081819816,-0.752707263762846,0.160122672276813,-0.0464315180039179,CTOC13.xml
8,4200.0,2035-09-26T13:10:00,-1472875.13990362,-6094409.77396136,1166339.10933578,444.404335946381,-107.697094939303,-1.54168674456686,0.637922715376806,-0.756005410367848,0.143149322378274,-0.0319170832543527,CTOC13.xml
9,4800.0,2035-09-26T13:20:00,-1195756.32546431,-6155200.20778582,1164145.6464964,448.837226140797,-87.4888397653147,-1.55596719889908,0.63861920672103,-0.758920652253775,0.126106269110435,-0.0173827869098343,CTOC13.xml
10,5400.0,2035-09-26T13:30:00,-916161.984713784,-6203395.50723153,1161941.72721875,452.351670160831,-67.1000648052511,-1.5670636332648,0.638985126005303,-0.761451572046404,0.109002148846323,-0.0028361450830203,CTOC13.xml
11,6000.0,2035-09-26T13:40:00,-634664.265087201,-6238896.18748318,1159729.33704191,454.940413495076,-46.5724919600646,-1.57495312361185,0.639020214221611,-0.763596947226804,0.0918456276598878,0.0117153182556919,CTOC13.xml
12,6600.0,2035-09-26T13:50:00,-351839.245300194,-6261628.74133582,1157510.47375961,456.598095938022,-25.9481298055807,-1.57961930854854,0.638724383365696,-0.765355750724473,0.0746453969302568,0.0262640751639083,CTOC13.xml
13,7200.0,2035-09-26T14:00:00,-68265.756476007,-6271545.79114654,1155287.14333739,457.321262670493,-5.26918762721817,-1.58105242321043,0.63809771651335,-0.76672715141129,0.0574101689335897,0.0408025976157668,CTOC13.xml
14,7800.0,2035-09-26T14:10:00,215475.802420339,-6268626.18731467,1153061.35581299,457.108371440911,15.4220109604336,-1.57924931962778,0.637140467808424,-0.767710514496032,0.040148672425166,0.0553233613909813,CTOC13.xml
15,8400.0,2035-09-26T14:20:00,498804.652427836,-6252875.05308669,1150835.12118811,455.959795832516,36.0831146332145,-1.57421347355132,0.635853062362472,-0.768305401819305,0.0228696482132147,0.0698188499629246,CTOC13.xml
16,9000.0,2035-09-26T14:30:00,781140.461066989,-6224323.805336,1148610.53045575,453.877828174196,56.67180208601,-1.56596958249995,0.634236091965438,-0.768511576138045,0.00558187946387823,0.0842815496527985,CTOC13.xml
17,9600.0,2035-09-26T14:40:00,1061905.9808087,-6183029.9907941,1146389.40181414,450.866662013766,77.1459845968852,-1.55450539316689,0.632290331932102,-0.768328985180961,-0.0117059515876501,0.0987039886398422,CTOC13.xml
18,10200.0,2035-09-26T14:50:00,1340526.05204315,-6129077.29424266,1144173.81467065,446.93240109602,97.463718070256,-1.53985846551228,0.630016713973298,-0.767757785225063,-0.0289850599457352,0.113078687826384,CTOC13.xml
19,10800.0,2035-09-26T15:00:00,1616430.23459403,-6062575.30382235,1141965.7379429,442.083036659209,117.583405103897,-1.5220585671764,0.627416344303465,-0.766798325591146,-0.046246700925977,0.127398200242213,CTOC13.xml
20,11400.0,2035-09-26T15:10:00,1889053.61154269,-5983659.29995667,1139767.12013745,436.328433441313,137.463851060632,-1.50114192104405,0.624490498281108,-0.765451152209129,-0.0634821399585782,0.141655105960249,CTOC13.xml
21,12000.0,2035-09-26T15:20:00,2157837.94576647,-5892489.97996684,1137579.88536619,429.680309598776,157.064348404936,-1.47715113148237,0.621240619780901,-0.763717007314171,-0.0806826570137442,0.155842015934504,CTOC13.xml
22,12600.0,2035-09-26T15:30:00,2422232.82287086,-5789253.13065154,1135405.92941257,422.152212830804,176.34476004736,-1.45013509751382,0.617668320478658,-0.761596829043258,-0.0978395510192977,0.169951575822852,CTOC13.xml
23,13200.0,2035-09-26T15:40:00,2681696.77816992,-5674159.24950093,1133247.11585553,413.759492758031,195.265601525728,-1.42014891310183,0.613775379049593,-0.759091750932515,-0.114944144267853,0.183976469792385,CTOC13.xml
24,13800.0,2035-09-26T15:50:00,2935698.40541347,-5547443.11531567,1131105.27225915,404.519269611769,213.788121855278,-1.38725375475212,0.609563740280208,-0.756203101315482,-0.131987786811747,0.197909424305632,CTOC13.xml
25,14400.0,2035-09-26T16:00:00,3183717.44498885,-5409363.30910778,1128982.18643589,394.450399297765,231.874382882051,-1.35151675665918,0.605035514094274,-0.752932402622668,-0.148961860843289,0.21174321188562,CTOC13.xml
26,15000.0,2035-09-26T16:10:00,3425245.84936762,-5260201.68626202,1126879.60279084,383.573434905852,249.487336976953,-1.31301087365298,0.600192974493408,-0.749281370582785,-0.165857785058071,0.225470654857719,CTOC13.xml
27,15600.0,2035-09-26T16:20:00,3659788.82361886,-5100262.80103405,1124799.21875481,371.910584743947,266.590902911626,-1.27181473222547,0.595038558412744,-0.74525191332603,-0.182667018999315,0.239084629066526,CTOC13.xml
28,16200.0,2035-09-26T16:30:00,3886865.83885477,-4929873.28456243,1122742.6813132,359.485666982262,283.150039760503,-1.22801246994147,0.589574864492323,-0.740846130389927,-0.199381067380829,0.252578067565677,CTOC13.xml
29,16800.0,2035-09-26T16:40:00,4106011.61653584,-4749381.17766373,1120711.58363805,346.324061000255,299.130818677892,-1.18169356356175,0.583804651764777,-0.736066311628218,-0.215991484386535,0.265943964278829,CTOC13.xml
30,17400.0,2035-09-26T16:50:00,4316777.08161828,-4559155.21977451,1118707.46183,332.452655535781,314.500492402994,-1.13295264622963,0.577730838259996,-0.730914936023382,-0.232489877944355,0.279175377629827,CTOC13.xml
31,18000.0,2035-09-26T17:00:00,4518730.03733719,-4359584.36329074,1116731.73872291,317.899814691038,329.227542072648,-1.08190452716969,0.571356505920271,-0.72539467922944,-0.248867879891098,0.292265428757333,CTOC13.xml
32,18600.0,2035-09-26T17:10:00,4711457.04449803,-4151075.92037647,1114785.92369759,302.695237112972,343.28182384133,-1.02862294622901,0.564684874172349,-0.71950837715828,-0.265117286681054,0.305207326882716,CTOC13.xml
33,19200.0,2035-09-26T17:20:00,4894562.75903943,-3934056.29862763,1112871.31974733,286.870018165333,356.634506198875,-0.973232177112216,0.557719334533264,-0.713259076651886,-0.281229858596512,0.317994339722041,CTOC13.xml
34,19800.0,2035-09-26T17:30:00,5067671.76131752,-3708969.09694868,1110989.20455353,270.456505392927,369.2582129541,-0.915845445601316,0.550463425433453,-0.706649999427755,-0.297197460691327,0.330619819320396,CTOC13.xml
35,20400.0,2035-09-26T17:40:00,5230429.06767957,-3476274.45360284,1109140.78431009,253.488252402705,381.127058140941,-0.856580069623134,0.542920836104814,-0.699684548972257,-0.313012032672632,0.343077199847042,CTOC13.xml
36,21000.0,2035-09-26T17:50:00,5382500.85816991,-3236448.10547339,1107327.19125646,235.999950264437,392.216699083913,-0.795557219389046,0.535095404703574,-0.69236630878952,-0.328665592975795,0.355360001002029,CTOC13.xml
37,21600.0,2035-09-26T18:00:00,5523575.16096444,-2989980.41534892,1105549.48136193,218.027356579661,402.504386308147,-0.732901669637367,0.526991116355911,-0.68469904055919,-0.344150242799018,0.367461831379332,CTOC13.xml
38,22200.0,2035-09-26T18:10:00,5653362.49212885,-2737375.36922453,1103808.63216588,199.60722236418,411.96901019156,-0.668741544485815,0.518612101127439,-0.67668668220413,-0.359458170095281,0.3793763917846,CTOC13.xml
39,22800.0,2035-09-26T18:20:00,5771596.44939099,-2479149.54566661,1102105.54077838,180.777216893411,420.591144263671,-0.603208055415064,0.509962631917484,-0.668333345868962,-0.374581653519848,0.391097478505971,CTOC13.xml
40,23400.0,2035-09-26T18:30:00,5878034.25870955,-2215831.05934833,1100441.02204537,161.575850664242,428.353085062236,-0.536435232919138,0.501047122279218,-0.659643315810457,-0.389513066331324,0.402618986536241,CTOC13.xml
41,24000.0,2035-09-26T18:40:00,5972457.27251581,-1947958.48092195,1098815.80688206,142.042396631356,435.238888465814,-0.468559652372828,0.491870124166931,-0.650621046201039,-0.404244880243986,0.413934912744502,CTOC13.xml
42,24600.0,2035-09-26T18:50:00,6054671.41860946,-1676079.7354305,1097230.54077801,122.216809878628,441.234402427956,-0.39972015467516,0.482436325611376,-0.641271158846304,-0.418769669229843,0.425039358995894,CTOC13.xml
43,25200.0,2035-09-26T19:00:00,6124507.59878528,-1400750.9815169,1095685.78247698,102.139645890255,446.327296045669,-0.330057562241553,0.472750548324543,-0.631598440817895,-0.433080113268197,0.435926535217637,CTOC13.xml
44,25800.0,2035-09-26T19:10:00,6181822.03637361,-1122535.4737184,1094182.00283426,81.8519775884562,450.507084902613,-0.259714390924436,0.462817745234901,-0.621607842002765,-0.447169002041102,0.446590762409964,CTOC13.xml
45,26400.0,2035-09-26T19:20:00,6226496.57197898,-842002.410181712,1092719.58385373,61.3953113080435,453.765152634812,-0.188834558453656,0.452642997954667,-0.611304472570385,-0.461029238572399,0.457026475600057,CTOC13.xml
46,27000.0,2035-09-26T19:30:00,6258438.90201193,-559726.146638405,1091298.65130238,40.8115309395479,456.094766071906,-0.117572735203612,0.4422315301883,-0.600693612990491,-0.474653813066485,0.467228225561333,CTOC13.xml
47,27600.0,2035-09-26T19:40:00,6277582.80633113,-276283.509319051,1089919.73471211,20.1426961427548,457.491100852731,-0.0460549079744194,0.431588641642401,-0.589780660999204,-0.488035925805566,0.477190686664894,CTOC13.xml
48,28200.0,2035-09-26T19:50:00,6283888.20253588,7745.12044440683,1088582.7851469,-0.568869800146985,457.951231854717,0.0255623898547253,0.420719799512716,-0.578571204051792,-0.501168810952355,0.48690865166748,CTOC13.xml
49,28800.0,2035-09-26T20:00:00,6277341.3026536,291778.50164353,1087287.82324511,-21.2807823788961,457.474153643835,0.0971325961067712,0.40963057350038,-0.567070966519588,-0.514045860103441,0.496377040056049,CTOC13.xml
50,29400.0,2035-09-26T20:10:00,6257954.62016901,575235.346582628,1086034.7787319,-41.950653678422,456.060778730061,0.16850923565752,0.398326648350188,-0.555285819204906,-0.52666059548782,0.505590899210475,CTOC13.xml
51,30000.0,2035-09-26T20:20:00,6225766.9459776,857535.510462182,1084823.49056365,-62.5361791241199,453.713935813848,0.239546220197331,0.386813820937146,-0.543221776343224,-0.539006673231731,0.514545406985797,CTOC13.xml
52,30600.0,2035-09-26T20:30:00,6180843.27056354,1138101.17868474,1083653.7072581,-82.9952240610478,450.438364111209,0.310098147216691,0.375097997294826,-0.530884992533213,-0.551077886554927,0.523235874227462,CTOC13.xml
53,31200.0,2035-09-26T20:40:00,6123274.65255726,1416358.04946618,1082525.08740969,-103.285909990787,446.240703768703,0.380020597606974,0.363185189586523,-0.518281759595663,-0.562868168897315,0.531657747218648,CTOC13.xml
54,31800.0,2035-09-26T20:50:00,6053178.03394042,1691736.509316,1081437.20038884,-123.366700288312,441.129482387875,0.449170431263272,0.351081513021431,-0.505418503363574,-0.574371596973698,0.539806610057891,CTOC13.xml
55,32400.0,2035-09-26T21:00:00,5970696.0022724,1963672.79899354,1080389.52722397,-143.196485224351,435.115097686423,0.517406080087485,0.338793182716885,-0.492301780404514,-0.585582393755618,0.547678186966168,CTOC13.xml
56,33000.0,2035-09-26T21:10:00,5875996.50042313,2231610.16754654,1079381.4616643,-162.734666118714,428.209796331435,0.584587837790172,0.326326510508598,-0.478938274677222,-0.596494931378505,0.555268344522034,CTOC13.xml
57,33600.0,2035-09-26T21:20:00,5769272.48440224,2495000.01207455,1078412.31142139,-181.941238452653,420.427648987738,0.650578145899098,0.313687901710289,-0.465334794123953,-0.607103733972849,0.562573093823762,CTOC13.xml
58,34200.0,2035-09-26T21:30:00,5650741.52998392,2753303.00087883,1077481.29958671,-200.77687376977,411.784521632338,0.715241875387755,0.300883851824637,-0.451498267200541,-0.617403480417763,0.569588592577232,CTOC13.xml
59,34800.0,2035-09-26T21:40:00,5520645.3889276,3005990.17770535,1076587.56622262,-219.203000198208,402.298043193318,0.778446603348692,0.287920943206959,-0.437435739345687,-0.627389007015779,0.576311147108628,CTOC13.xml
60,35400.0,2035-09-26T21:50:00,5379249.49570192,3252544.04481524,1075730.1701232,-237.181881428929,391.987569579354,0.840062884144052,0.274805841683574,-0.423154369391493,-0.637055310087331,0.582737214300756,CTOC13.xml
61,36000.0,2035-09-26T22:00:00,5226842.67769887,3492459.31016855,1074907.88079489,-254.676669694014,380.874160418826,0.899964202342475,0.26154531682979,-0.40866144095062,-0.646397526249674,0.588863406897448,CTOC13.xml
62,36600.0,2035-09-26T22:10:00,5063735.57296876,3725245.18192807,1074120.0203465,-271.651579110573,368.9804721981,0.958029172098883,0.248146144138672,-0.393964298659175,-0.655411024379385,0.594686481814628,CTOC13.xml
63,37200.0,2035-09-26T22:20:00,4890261.46185551,3950424.46943667,1073365.20644634,-288.071811083572,356.330806122219,1.01413783776941,0.234615242372818,-0.379070434378338,-0.664091272776985,0.600203361576729,CTOC13.xml
64,37800.0,2035-09-26T22:30:00,4706774.62422825,4167535.83972218,1072642.19369093,-303.903724877823,342.950996846727,1.06817524327876,0.220959576578322,-0.363987423506512,-0.672433932129981,0.605411123095398,CTOC13.xml
65,38400.0,2035-09-26T22:40:00,4513649.85248591,4376134.44028066,1071949.66662476,-319.114881525412,328.868374833177,1.12003066377209,0.207186177744094,-0.348722936070334,-0.680434834868692,0.610307002341849,CTOC13.xml
66,39000.0,2035-09-26T22:50:00,4311281.68583068,4575792.81038348,1071286.24243411,-333.674110278878,314.111710511131,1.16959783244925,0.193302139184909,-0.333284732821514,-0.688089987253432,0.614888395805452,CTOC13.xml
67,39600.0,2035-09-26T23:00:00,4100083.60409085,4766101.75684631,1070650.47377888,-347.551572472919,298.711155490424,1.21677515828909,0.179314612891627,-0.317680661288229,-0.695395571373205,0.619152861869776,CTOC13.xml
68,40200.0,2035-09-26T23:10:00,3880487.18273915,4946671.19246716,1070040.85175662,-360.71882266391,282.698180943756,1.26146593421824,0.165230805850406,-0.301918651782963,-0.70234794705497,0.623098122105382,CTOC13.xml
69,40800.0,2035-09-26T23:20:00,3652941.21083558,5117130.93541404,1069455.80899278,-373.148866921833,266.105513285666,1.30357853529723,0.151057976332914,-0.286006713368982,-0.708943653682429,0.626722062478644,CTOC13.xml
70,41400.0,2035-09-26T23:30:00,3417910.77369784,5277131.46792466,1068893.72285065,-384.816218155215,248.9670672794,1.34302660651808,0.136803430159449,-0.269952929787506,-0.715179411923448,0.630022734475972,CTOC13.xml
71,42000.0,2035-09-26T23:40:00,3175876.30217215,5426344.65276542,1068352.91875474,-395.69694835584,231.317876708218,1.37972923982902,0.122474516936737,-0.253765455347456,-0.721052125365314,0.632998356142869,CTOC13.xml
72,42600.0,2035-09-26T23:50:00,2927332.59045025,5564464.4059795,1067831.67362053,-405.768737656041,213.194022753042,1.41361114002292,0.10807862627249,-0.237452510780044,-0.726558882056937,0.635647313037253,CTOC13.xml
73,43200.0,2035-09-27T00:00:00,2672787.78444007,5691207.32454598,1067328.21938371,-415.010920098054,194.632560222834,1.44460277914978,0.093623183968611,-0.22102237906025,-0.73169695595726,0.637968159096523,CTOC13.xml
74,43800.0,2035-09-27T00:10:00,2412762.34276015,5806313.26766223,1066840.74662166,-423.404526021573,175.671441788648,1.47264053913629,0.0791156481951094,-0.204483401197423,-0.73646380828911,0.63995961741793,CTOC13.xml
75,44400.0,2035-09-27T00:20:00,2147787.97247838,5909545.8904601,1066367.40825981,-430.932320982719,156.349440376011,1.49766684232075,0.0645635056464594,-0.18784397199688,-0.74085708879791,0.641620580951828,CTOC13.xml
76,45000.0,2035-09-27T00:30:00,1878406.95234116,6000693.03025214,1065906.15607878,-437.578832373331,136.706097786952,1.51963916806552,0.0499742963442579,-0.171112551510972,-0.744874624502716,0.642950121076464,CTOC13.xml
77,45600.0,2035-09-27T00:40:00,1605169.38733687,6079567.55455521,1065455.41935691,-443.330417443931,116.781532606656,1.53849510719846,0.0353554953629815,-0.154297597845077,-0.748514471129239,0.64394745651877,CTOC13.xml
78,46200.0,2035-09-27T00:50:00,1328634.52947625,6146007.1011012,1065013.08840639,-448.175235068299,96.6165243525626,1.55420419835954,0.0207146801668894,-0.137407657255257,-0.751774837456471,0.644612000757434,CTOC13.xml
79,46800.0,2035-09-27T01:00:00,1049368.0090924,6199874.85831542,1064577.20402425,-452.103308841138,76.2523196872408,1.56673407926927,0.00605941283395069,-0.120451296846819,-0.754654137981773,0.644943331333083,CTOC13.xml
80,47400.0,2035-09-27T01:10:00,767941.082606897,6241059.73083236,1064145.78888871,-455.106537601458,55.7305755362208,1.57605889102195,-0.00860273544282066,-0.103437115972857,-0.757150980570342,0.644941197787433,CTOC13.xml
81,48000.0,2035-09-27T01:20:00,484929.463951703,6269476.56836848,1063716.85161046,-457.178712122167,35.0932738734288,1.58215933139,-0.0232641882615289,-0.0863737418686842,-0.759264167131264,0.644605521827577,CTOC13.xml
82,48600.0,2035-09-27T01:30:00,200912.14680234,6285066.34151949,1063288.39081298,-458.31552792934,14.3826358365554,1.58502269471503,-0.0379173679210857,-0.0692698252726243,-0.760992694195043,0.643936397401489,CTOC13.xml
83,49200.0,2035-09-27T01:40:00,-83529.7799616477,6287796.26411891,1062858.39923344,-458.514594224718,-6.35896465144856,1.58464289830336,-0.0525546993320762,-0.0521340360357926,-0.76233575339227,0.642934090684709,CTOC13.xml
84,49800.0,2035-09-27T01:50:00,-367814.321156941,6277659.86190557,1062424.86783598,-457.775438893,-27.0890875788648,1.58102049527119,-0.0671686139273752,-0.0349750587224113,-0.76329273183329,0.641599039978172,CTOC13.xml
85,50400.0,2035-09-27T02:00:00,-651359.766112579,6254676.98735588,1061985.78992883,-456.099509583438,-47.7653136814109,1.57416267381258,-0.0817515535698482,-0.0178015882036334,-0.763863212388583,0.639931855517242,CTOC13.xml
86,51000.0,2035-09-27T02:10:00,-933585.878971981,6218893.7806482,1061539.16527686,-453.490170863353,-68.3453312409523,1.56408324289077,-0.0962959744554678,-0.000622325246718375,-0.764046973869804,0.637933319192025,CTOC13.xml
87,51600.0,2035-09-27T02:20:00,-1213915.08604572,6170382.57683625,1061083.00420118,-449.952697449162,-88.7870226691495,1.5508026043817,-0.110794351009852,0.0165540278982103,-0.763843991111384,0.635604384179092,CTOC13.xml
88,52200.0,2035-09-27T02:30:00,-1491773.65778196,6109241.75941875,1060615.33165737,-445.49426352859,-109.048550698616,1.53434771172582,-0.125239179776031,0.0337187719113898,-0.763254434952653,0.632946174484783,CTOC13.xml
89,52800.0,2035-09-27T02:40:00,-1766592.8829408,6035595.56060144,1060134.19128401,-440.123928195647,-129.088444005572,1.51475201517204,-0.139622983291702,0.050863214814694,-0.762278672120516,0.629959984400297,CTOC13.xml
90,53400.0,2035-09-27T02:50:00,-2037810.2325614,5949593.80865912,1059637.6494132,-433.852617028104,-148.865682088173,1.4920553937255,-0.153938313953537,0.0679786763781909,-0.760917265012772,0.626647277868894,CTOC13.xml
91,54000.0,2035-09-27T03:00:00,-2304870.11149301,5851411.79096135,1059123.74075861,-426.693110533722,-168.339752010019,1.46631832524311,-0.168177727485783,0.0850564779615413,-0.759170970004728,0.62300969963282,CTOC13.xml
92,54600.0,2035-09-27T03:10:00,-2567226.60130534,5741249.24167822,1058590.71432656,-418.659976596635,-187.470840654389,1.43756496485347,-0.182333908281851,0.102088005299984,-0.757040743306666,0.619049027168468,CTOC13.xml
93,55200.0,2035-09-27T03:20:00,-2824342.15996708,5619330.89181159,1058036.66102002,-409.769601188504,-206.219751548088,1.40586798273915,-0.196399490997221,0.119064625061082,-0.754527729897417,0.614767240352759,CTOC13.xml
94,55800.0,2035-09-27T03:30:00,-3075690.3404852,5485905.38970297,1057459.77698727,-400.04011591758,-224.548095344911,1.37129203158385,-0.210367185786567,0.135977747909928,-0.751633270708922,0.610166473661896,CTOC13.xml
95,56400.0,2035-09-27T03:40:00,-3320756.46258982,5341244.9447711,1056858.30026918,-389.491370482883,-242.418340747086,1.33390765896408,-0.224229751726386,0.15281881814989,-0.748358899776036,0.605249026753447,CTOC13.xml
96,57000.0,2035-09-27T03:50:00,-3559038.6665312,5185644.77196709,1056230.51441334,-378.144892163491,-259.793891349815,1.29379116335775,-0.237980000561821,0.169579318056252,-0.744706343427964,0.600017363314032,CTOC13.xml
97,57600.0,2035-09-27T04:00:00,-3790048.94070495,5019422.48912677,1055574.75199532,-366.023841873051,-276.639160577329,1.25102443837776,-0.251610800427065,0.186250772189971,-0.740677519382234,0.594474109822178,CTOC13.xml
98,58200.0,2035-09-27T04:10:00,-4013314.12100148,4842917.46845049,1054889.39803978,-353.152966869242,-292.919644557028,1.20569480554861,-0.265115079537435,0.202824751689381,-0.736274535741681,0.588622054226965,CTOC13.xml
99,58800.0,2035-09-27T04:20:00,-4228376.85983069,4656490.14343725,1054172.89333454,-339.558550214916,-308.601992782289,1.15789483596814,-0.278485829851039,0.219292878537441,-0.731499689895013,0.5824641445432,CTOC13.xml
100,59400.0,2035-09-27T04:30:00,-4434796.56284257,4460521.27268466,1053423.73763066,-325.268357093891,-323.654076419608,1.10772216121763,-0.291716110698452,0.235646829802757,-0.726355467321437,0.576003487363693,CTOC13.xml
101,60000.0,2035-09-27T04:40:00,-4632150.29141943,4255411.16206424,1052640.49272218,-310.311578091417,-338.045054119758,1.05527927390812,-0.304799052378123,0.251878341851748,-0.720844540300098,0.569243346289575,CTOC13.xml
102,60600.0,2035-09-27T04:50:00,-4820033.62909804,4041578.8468551,1051821.78539898,-294.718769554795,-351.745435198656,1.00067331826863,-0.317727859716108,0.267979214530345,-0.714969766524845,0.562187140279222,CTOC13.xml
103,61200.0,2035-09-27T05:00:00,-4998061.51014166,3819461.23551217,1050966.31026695,-278.521791156353,-364.727140058138,0.944015871205779,-0.330495815587924,0.283941315312687,-0.708734187625156,0.55483844191682,CTOC13.xml
104,61800.0,2035-09-27T05:10:00,-5165869.00856688,3589512.21681713,1050072.83242947,-261.753740786262,-376.963557723035,0.88542271428156,-0.343096284400834,0.299756583414878,-0.702141027593961,0.547200975601358,CTOC13.xml
105,62400.0,2035-09-27T05:20:00,-5323112.08600901,3352201.73223635,1049140.1900249,-244.448886908226,-388.429600376697,0.825013597075396,-0.355522715534801,0.315417033871736,-0.695193691123138,0.539278615656977,CTOC13.xml
106,63000.0,2035-09-27T05:30:00,-5469468.07314132,3108015.18523012,1048167.36751239,-226.642623927396,-399.101740326541,0.762925681119076,-0.367768618012389,0.330914749918886,-0.68789577149389,0.531075399027488,CTOC13.xml
107,63600.0,2035-09-27T05:40:00,-5604637.24170498,2857450.97898376,1047153.2227346,-208.37129887701,-408.958117199587,0.699258285117,-0.379827678971032,0.346241933873753,-0.680251010867617,0.522595464703271,CTOC13.xml
108,64200.0,2035-09-27T05:50:00,-5728342.0299395,2601021.68860832,1046096.88895905,-189.672287536076,-417.978492619412,0.634155472815615,-0.391693593993056,0.361390840374269,-0.672263354054675,0.513843139210345,CTOC13.xml
109,64800.0,2035-09-27T06:00:00,-5840328.55356066,2339251.56177635,1044997.51876454,-170.583818416895,-426.144352948695,0.567750345004569,-0.403360185869164,0.376353827684796,-0.663936910082427,0.504822876138548,CTOC13.xml
110,65400.0,2035-09-27T06:10:00,-5940366.88728634,2072675.80738805,1043854.34812019,-151.144919332648,-433.438931678719,0.500178675612455,-0.414821378885333,0.391123349645051,-0.65527595900184,0.495539268410008,CTOC13.xml
111,66000.0,2035-09-27T06:20:00,-6028251.53670673,1801839.50120952,1042666.6979603,-131.395337595756,-439.847243838875,0.431578634078269,-0.426071201978895,0.405691959481985,-0.646284949688817,0.485997045939223,CTOC13.xml
112,66600.0,2035-09-27T06:30:00,-6103801.86019666,1527296.47126116,1041433.97558548,-111.375458739613,-445.356116763171,0.362090502805837,-0.437103791841311,0.420052313570684,-0.636968497560175,0.476201073222013,CTOC13.xml
113,67200.0,2035-09-27T06:40:00,-6166862.44000381,1249608.16523757,1040155.67588717,-91.1262239300357,-449.954217150552,0.291856390279558,-0.447913395965947,0.434197175142271,-0.627331382205497,0.466156346854642,CTOC13.xml
114,67800.0,2035-09-27T06:50:00,-6217303.4017516,969342.502270879,1038831.38239297,-70.6890462350318,-453.632074363547,0.221019940427094,-0.458494375639429,0.448119417937164,-0.617378544935917,0.455867992984239,CTOC13.xml
115,68400.0,2035-09-27T07:00:00,-6255020.68169864,687072.711395392,1037460.76813076,-50.1057259248096,-456.382099917235,0.149726038825795,-0.468841208874671,0.461812029801367,-0.607115086251435,0.445341264692135,CTOC13.xml
116,69000.0,2035-09-27T07:10:00,-6279936.24120792,403376.159074079,1036043.59630979,-29.4183649741762,-458.198603118667,0.0781205163499968,-0.478948493284627,0.475268116224722,-0.596546263227532,0.434581539310931,CTOC13.xml
117,69600.0,2035-09-27T07:20:00,-6291998.2279813,118833.168202303,1034579.72081718,-8.66928094344468,-459.07780282432,0.00634985086965134,-0.48881094889463,0.488480903818497,-0.585677486823004,0.423594315677259,CTOC13.xml
118,70200.0,2035-09-27T07:30:00,-6291181.08372857,-165974.169009411,1033069.08652913,12.0990795870028,-459.017835291485,-0.0654391323929996,-0.498423420892376,0.501443743731233,-0.574514319109932,0.412385211321162,CTOC13.xml
119,70800.0,2035-09-27T07:40:00,-6277485.59804715,-450463.181835415,1031511.72943582,32.8442278507054,-458.018758107245,-0.137099561233295,-0.507780882313776,0.51415011500065,-0.563062470427525,0.400959959593866,CTOC13.xml
120,71400.0,2035-09-27T07:50:00,-6250938.90839967,-734051.813089742,1029907.77658006,53.5237198206132,-456.082550186819,-0.208484816948103,-0.51687843666355,0.526593627840314,-0.551327796461021,0.389324406735125,CTOC13.xml
121,72000.0,2035-09-27T08:00:00,-6211594.48672096,-1016159.3929536,1028257.61307376,74.0952141640083,-453.213112567926,-0.279441210467853,-0.525711296525068,0.538768019555104,-0.539316314699263,0.377484524861361,CTOC13.xml
122,72600.0,2035-09-27T08:10:00,-6159531.8874385,-1296209.49771227,1026561.21717076,94.5166745919989,-449.416242950494,-0.349839335952642,-0.534274882226782,0.550667187245811,-0.527034124165444,0.365446345004994,CTOC13.xml
123,73200.0,2035-09-27T08:20:00,-6094856.77555674,-1573628.61947536,1024819.149193,114.746282028271,-444.699648375002,-0.419526961333688,-0.542564679391968,0.562285146055124,-0.514487517168715,0.353216049861314,CTOC13.xml
124,73800.0,2035-09-27T08:30:00,-6017700.60390956,-1847849.01547399,1023031.89605509,134.742636261969,-439.072914598912,-0.488361466349216,-0.550576338250837,0.573616062399247,-0.501682900124976,0.340799906745991,CTOC13.xml
125,74400.0,2035-09-27T08:40:00,-5928220.36830596,-2118309.45033314,1021200.03263938,154.464811605722,-432.547490013891,-0.556201966870021,-0.558305651577795,0.584654249264718,-0.488626809122479,0.328204280349582,CTOC13.xml
126,75000.0,2035-09-27T08:50:00,-5826598.28788397,-2384456.34466772,1019324.22063191,173.8724406521,-425.136662336688,-0.622909603232046,-0.565748556892184,0.595394169068637,-0.475325906584749,0.315435629475913,CTOC13.xml
127,75600.0,2035-09-27T09:00:00,-5713041.43384154,-2645744.90808606,1017405.20718074,192.925796893043,-416.85553153559,-0.68834782444488,-0.572901138584997,0.605830436442842,-0.461786977869622,0.302500503731035,CTOC13.xml
128,76200.0,2035-09-27T09:10:00,-5587781.30730518,-2901640.25427051,1015443.82337935,211.585876032343,-407.720979047924,-0.752382667691615,-0.579759629970142,0.61595782094013,-0.448016927806735,0.289405540164982,CTOC13.xml
129,76800.0,2035-09-27T09:20:00,-5451073.36719331,-3151618.49586397,1013440.98257826,229.814475825555,-397.75163335108,-0.814883032550787,-0.586320415259478,0.625771249661619,-0.434022777174654,0.276157459867536,CTOC13.xml
130,77400.0,2035-09-27T09:30:00,-5303196.50903985,-3395167.81691414,1011397.67852821,247.574274283413,-386.96783195749,-0.875720949377305,-0.592580031460399,0.635265809803644,-0.419811659119815,0.262763064520075,CTOC13.xml
131,78000.0,2035-09-27T09:40:00,-5144452.49584243,-3631789.52068087,1009314.98335886,264.828906078696,-375.391579911166,-0.934771841293133,-0.598535170195001,0.644436751122932,-0.405390815519068,0.249229232905265,CTOC13.xml
132,78600.0,2035-09-27T09:50:00,-4975165.3420941,-3860999.05066613,1007194.04539695,281.543037000471,-363.046504870295,-0.991914779252535,-0.604182679439977,0.653279488318971,-0.390767593287457,0.235562917376147,CTOC13.xml
133,79200.0,2035-09-27T10:00:00,-4795680.65226009,-4082326.98277023,1005036.08682851,297.682436302847,-349.957808867909,-1.04703272965816,-0.609519565186189,0.661789603332165,-0.375949440633449,0.221771140286764,CTOC13.xml
134,79800.0,2035-09-27T10:10:00,-4606364.91504689,-4295319.9865487,1002842.40120982,313.214046800521,-336.152216848844,-1.10001279402243,-0.614542993017181,0.669962847556822,-0.360943903263185,0.207860990385823,CTOC13.xml
135,80400.0,2035-09-27T10:20:00,-4407604.75490725,-4499541.75359813,1000614.35083228,328.106052567347,-321.657922088297,-1.15074644018262,-0.61925028960572,0.677795143967731,-0.345758620535916,0.193839619175483,CTOC13.xml
136,81000.0,2035-09-27T10:30:00,-4199806.41892244,-4694573.60268968,998353.556840445,342.32792454322,-306.504550440126,-1.19913102855055,-0.623638927509451,0.685282587183017,-0.330401348553118,0.179714252837367,CTOC13.xml
137,81600.0,2035-09-27T10:40:00,-3983393.85286753,-4880016.50454313,996061.123746557,355.850562257159,-290.723013374923,-1.2450654442321,-0.627706593527126,0.692421453696643,-0.314879848721755,0.165492126012579,CTOC13.xml
138,82200.0,2035-09-27T10:50:00,-3758809.45736919,-5055490.12861,993738.796357051,368.646233212161,-274.345573122678,-1.28845621489605,-0.631451088584174,0.699208190752409,-0.299202044378368,0.151180572000538,CTOC13.xml
139,82800.0,2035-09-27T11:00:00,-3526512.11486799,-5220634.81606062,991388.182826455,380.688710822941,-257.405692124744,-1.32921439943519,-0.634870397009735,0.705639427148764,-0.28337591014018,0.136786956271752,CTOC13.xml
140,83400.0,2035-09-27T11:10:00,-3286976.51601172,-5375112.01501051,989010.944875534,391.953307637558,-239.937985581766,-1.36725643654777,-0.637962670449571,0.711711972566124,-0.267409494390981,0.122318688385908,CTOC13.xml
141,84000.0,2035-09-27T11:20:00,-3040692.18951511,-5518604.97438154,986608.79440199,402.416925934285,-221.978150709493,-1.40250431600648,-0.640726228855954,0.717422819154496,-0.25131091518494,0.107783218180528,CTOC13.xml
142,84600.0,2035-09-27T11:30:00,-2788162.50161668,-5650819.39319887,984183.489988357,412.058105068821,-203.562893777583,-1.4348857385798,-0.643159561390909,0.722769143028036,-0.235088356116171,0.0931880319384903,CTOC13.xml
143,85200.0,2035-09-27T11:40:00,-2529903.62716769,-5771484.02400022,981736.833314181,420.857065475337,-184.729855079764,-1.46433426427989,0.645261327242485,-0.727748305666083,0.218750062155414,-0.0785406485357388,CTOC13.xml
144,85800.0,2035-09-27T11:50:00,-2266443.49446159,-5880351.22911718,979270.665479862,428.79574923092,-165.517531989118,-1.49078944863227,0.647030356353533,-0.732357855219821,0.202304335456369,-0.0638486155715247,CTOC13.xml
145,86400.0,2035-09-27T12:00:00,-1998320.70595889,-5977197.48868933,976786.863249634,435.857857100347,-145.96520025562,-1.5141969666881,0.648465650062644,-0.736595527723995,0.185759531133546,-0.0491195054829232,CTOC13.xml
146,87000.0,2035-09-27T12:10:00,-1726083.43711727,-6061823.8593682,974287.335221413,442.028881985113,-126.112833707072,-1.5345087245245,0.649566381656859,-0.740459248212999,0.169124053014101,-0.0343609116459357,CTOC13.xml
147,87600.0,2035-09-27T12:20:00,-1450288.31557464,-6134056.38277162,971774.017931294,447.296138708232,-106.001022517348,-1.55168295800455,0.650331896835889,-0.743947131740873,0.152406349365507,-0.0195804444648707,CTOC13.xml
148,88200.0,2035-09-27T12:30:00,-1171499.28297776,-6193746.44284952,969248.871900692,451.648790073624,-85.6708902091337,-1.56568431859405,0.650761714087565,-0.747057484304672,0.135614908601312,-0.00478572745211146,CTOC13.xml
149,88800.0,2035-09-27T12:40:00,-890286.441787389,-6240771.07142681,966713.87763421,455.077869146529,-65.1640095611128,-1.57648394605861,0.650855524974317,-0.749788803670708,0.11875825496737,0.0100156066995445,CTOC13.xml
150,89400.0,2035-09-27T12:50:00,-607224.889412981,-6275033.20129674,964171.031576404,457.576297709281,-44.5223175912235,-1.5840595278921,0.650613194330507,-0.752139780103332,0.101844944210432,0.0248159200502229,CTOC13.xml
151,90000.0,2035-09-27T13:00:00,-322893.922545765,-6296461.8254621,961622.481957663,459.13889930453,-23.7880590777819,-1.5884047263504,0.650034752755916,-0.754109300729231,0.0848835906701446,0.0396075598613363,CTOC13.xml
152,90600.0,2035-09-27T13:10:00,-37874.3318155181,-6305012.32561366,959069.95905122,459.762417459295,-3.00358310787848,-1.58949213937312,0.64912042772982,-0.755696435509585,0.0678827373619128,0.0543829167130323,CTOC13.xml
153,91200.0,2035-09-27T13:20:00,247250.507436858,-6300666.26526248,956515.628177627,459.445509199252,17.7885681153295,-1.5873282284086,0.647870595945628,-0.756900458953666,0.0508510396312822,0.0691343468415262,CTOC13.xml
154,91800.0,2035-09-27T13:30:00,531897.346139031,-6283431.64703069,953961.508590509,458.188758073769,38.5458631430641,-1.58191719618081,0.646285815512555,-0.757720836644231,0.0337971356428212,0.0838542306910064,CTOC13.xml
155,92400.0,2035-09-27T13:40:00,815483.875516284,-6253342.83881376,951409.614942836,455.99467020683,59.2258390948817,-1.57326988797628,0.644366817458827,-0.758157228832842,0.0167296732204116,0.0985349631370811,CTOC13.xml
156,93000.0,2035-09-27T13:50:00,1097429.91832413,-6210460.5050596,948861.953172511,452.867669285875,79.7861885252458,-1.56140376985746,0.642114505393318,-0.758209490577975,-0.000342694542541794,0.113168957410739,CTOC13.xml
157,93600.0,2035-09-27T14:00:00,1377158.61578829,-6154871.48425063,946320.516405569,448.814087627724,100.184845977072,-1.54634289333133,0.639529955078156,-0.757877671784184,-0.017411313674905,0.127748649013724,CTOC13.xml
158,94200.0,2035-09-27T14:10:00,1654097.60781935,-6086688.61283779,943787.280885367,443.842153339727,120.380074044852,-1.52811784654487,0.636614413912579,-0.757162017142348,-0.034467533719121,0.142266499623053,CTOC13.xml
159,94800.0,2035-09-27T14:20:00,1927680.20409637,-6006050.49598187,941264.201936073,437.961973602079,140.330548771924,-1.50676569210603,0.633369300328177,-0.75606296597102,-0.0515027121203275,0.156715000983156,CTOC13.xml
160,95400.0,2035-09-27T14:30:00,2197346.5436127,-5913121.22557074,938753.20996876,431.185514105446,159.995444206393,-1.48232989165753,0.629796203095934,-0.75458115195899,-0.0685082186104247,0.171086678783052,CTOC13.xml
161,96000.0,2035-09-27T14:40:00,2462544.74032039,-5808090.04608437,936256.206538219,423.526574685619,179.334515943334,-1.45486021735623,0.625896880545311,-0.752717402809198,-0.0854754395853957,0.185374096517039,CTOC13.xml
162,96600.0,2035-09-27T14:50:00,2722732.01252295,-5691170.96899016,933775.060458605,415.000761204962,198.308183481899,-1.42441265043911,0.621673259695828,-0.750472739784202,-0.1023957824733,0.199569859326595,CTOC13.xml
163,97200.0,2035-09-27T15:00:00,2977375.7937093,-5562602.33645323,931311.603985849,405.625453737863,216.877611229087,-1.39104926708225,0.617127435301519,-0.747848377153442,-0.119260680090976,0.213666617821715,CTOC13.xml
164,97800.0,2035-09-27T15:10:00,3225954.82255223,-5422646.33525287,928867.629074637,395.419771125195,235.004787984154,-1.354838111786,0.612261668808785,-0.744845721542597,-0.136061594987009,0.227657071879531,CTOC13.xml
165,98400.0,2035-09-27T15:20:00,3467960.20984336,-5271588.46189598,926444.883717643,384.404531970013,252.652604741196,-1.31585305854436,0.607078387228128,-0.741466371185391,-0.152790023768947,0.241533974418397,CTOC13.xml
166,99000.0,2035-09-27T15:30:00,3702896.17355922,-5109737.1563028,924045.101090615,372.602229317177,269.784906883365,-1.27418703394285,0.601580183948486,-0.737712124253705,-0.16943746903112,0.255290125343541,CTOC13.xml
167,99600.0,2035-09-27T15:40:00,3930282.29058006,-4937422.32209039,921669.856889085,360.036917182619,286.366664018111,-1.2298984542427,0.595769809973685,-0.733584941539595,-0.185995573215377,0.268918414792575,CTOC13.xml
168,100200.0,2035-09-27T15:50:00,4149652.60966963,-4754995.90579185,919320.787178945,346.734261147768,302.363896833024,-1.18309098257885,0.589650182763631,-0.729086999486744,-0.202455928467223,0.282411767061337,CTOC13.xml
169,100800.0,2035-09-27T16:00:00,4360557.86281089,-4562830.35811309,916999.429417257,332.721420578891,317.743843995215,-1.1338601885872,0.583224378600824,-0.724220653342544,-0.218810210509073,0.29576318441408,CTOC13.xml
170,101400.0,2035-09-27T16:10:00,4562566.06827576,-4361318.07458462,914707.260284361,318.027009233367,332.475004715678,-1.08230660482464,0.57649563242022,-0.718988444773569,-0.235050150444603,0.308965740590222,CTOC13.xml
171,102000.0,2035-09-27T16:20:00,4755263.41526794,-4150870.59411155,912445.692666924,302.681036817389,346.527203258836,-1.02853552142712,0.569467336177755,-0.713393100542062,-0.25116753894521,0.322012584390426,CTOC13.xml
172,102600.0,2035-09-27T16:30:00,4938255.11144691,-3931917.75832077,910216.072771319,286.714847684973,359.871650745328,-0.972656771024591,0.562143037137604,-0.707437531088643,-0.267154230405578,0.334896943224805,CTOC13.xml
173,103200.0,2035-09-27T16:40:00,5111166.19159847,-3704906.8334211,908019.677373232,270.161056803378,372.481004121537,-0.914784504351676,0.554526436079009,-0.701124829021941,-0.283002147066321,0.347612126621496,CTOC13.xml
174,103800.0,2035-09-27T16:50:00,5273642.28579176,-3470301.59637517,905857.711209163,253.053483116117,384.329422174803,-0.855036957013945,0.546621385423716,-0.694458267516043,-0.298703283101289,0.360151529693524,CTOC13.xml
175,104400.0,2035-09-27T17:00:00,5425350.34545275,-3228581.38724675,903731.304515138,235.427080439455,395.392618479848,-0.793536207885295,0.538431887284858,-0.687441298616487,-0.314249708667758,0.372508636562393,CTOC13.xml
176,105000.0,2035-09-27T17:10:00,5565979.32586534,-2980240.12966188,901641.510717683,217.317866033742,405.647911167824,-0.730407929630719,0.529962091438327,-0.680077551455732,-0.329633573917311,0.384677023736525,CTOC13.xml
177,105600.0,2035-09-27T17:20:00,5695240.82370283,-2725785.3213841,899589.304281789,198.762846995446,415.074269416104,-0.665781131863912,0.521216293217603,-0.672370830378961,-0.344847112965507,0.396650363442873,CTOC13.xml
178,106200.0,2035-09-27T17:30:00,5812869.66828086,-2465736.99707159,897575.578720289,179.799944620667,423.652356563373,-0.599787897465844,0.512198931333261,-0.664325112981337,-0.359882647818012,0.408422426909807,CTOC13.xml
179,106800.0,2035-09-27T17:40:00,5918624.46532425,-2200626.66532825,895601.144768699,160.467916894148,431.364569761961,-0.532563112601255,0.502914585618002,-0.65594454805746,-0.374732592251755,0.419987087599902,CTOC13.xml
180,107400.0,2035-09-27T17:50:00,6012288.09212862,-1930996.2222306,893666.728729306,140.806279262888,438.195076085788,-0.464244190987254,0.49336797469864,-0.647233453464375,-0.389389455648542,0.43133832439058,CTOC13.xml
181,108000.0,2035-09-27T18:00:00,6093668.05486658,-1657397.21276391,891772.887725847,120.855252145467,444.129837311521,-0.394982625197466,0.483563964812338,-0.638196327617622,-0.403845817019425,0.44247021981854,CTOC13.xml
182,108600.0,2035-09-27T18:10:00,6162597.25416289,-1380388.23155478,889920.334189587,100.655565926402,449.156670846319,-0.324896086274322,0.473507523056587,-0.628837792550315,-0.418094448058521,0.453376983063656,CTOC13.xml
183,109200.0,2035-09-27T18:20:00,6218933.74667818,-1100535.98052426,888109.457105428,80.2485462811031,453.265224684701,-0.254139961789526,0.463203780382587,-0.619162673106324,-0.432128137438217,0.464052922526396,CTOC13.xml
184,109800.0,2035-09-27T18:30:00,6262561.44211889,-818412.648941514,886340.631993854,59.6759176591673,456.447033344716,-0.182858923948513,0.452657985891328,-0.609175940329405,-0.445939814284428,0.474492469454006,CTOC13.xml
185,110400.0,2035-09-27T18:40:00,6293390.23657523,-534595.107424562,884614.144306842,38.9797458778362,458.695526312823,-0.111198727740376,0.441875514782775,-0.598882722381742,-0.459522521720538,0.484690175575788,CTOC13.xml
186,111000.0,2035-09-27T18:50:00,6311356.1983536,-249663.728302347,882930.188846009,18.2023521019583,460.006041595064,-0.0393059128788053,0.430861865614797,-0.588288301911855,-0.472869420377864,0.494640715938453,CTOC13.xml
187,111600.0,2035-09-27T19:00:00,6316421.70028606,35798.8012460987,881288.869366165,-2.61377370275193,460.375835365271,0.0326724958773673,0.419622657498149,-0.577398113344679,-0.485973791845601,0.504338891678408,CTOC13.xml
188,112200.0,2035-09-27T19:10:00,6308575.49824433,321208.670855687,879690.198365073,-23.4260596667073,459.804087690412,0.104589289412992,0.408163627228652,-0.566217740094922,-0.498829042058888,0.513779632729794,CTOC13.xml
189,112800.0,2035-09-27T19:20:00,6287832.75569485,605982.140999214,878134.097059856,-44.1919390855284,458.291904321171,0.176297375338297,0.39649062635826,-0.554752911705353,-0.511428704623002,0.522958000466677,CTOC13.xml
190,113400.0,2035-09-27T19:30:00,6254235.01424155,889536.736936991,876620.395550122,-64.8689374837051,455.842314543865,0.247650078849628,0.384609618206214,-0.543009500911196,-0.523766444072352,0.531869190278257,CTOC13.xml
191,114000.0,2035-09-27T19:40:00,6207850.11021448,1171292.44013903,875148.833167475,-85.4147594939567,452.46026509794,0.318501442751075,0.372526674812227,-0.530993520632552,-0.535836059062125,0.540508534075424,CTOC13.xml
192,114600.0,2035-09-27T19:50:00,6148772.03747114,1450672.87475552,873719.059010706,-105.787375375511,448.152610171205,0.38870652602649,0.360247973832762,-0.518711120895885,-0.547631485491579,0.548871502727744,CTOC13.xml
193,115200.0,2035-09-27T20:00:00,6077120.75668951,1727106.48669653,872330.632665574,-125.94510699344,442.928097493173,0.458121700348105,0.347779795382472,-0.506168585686633,-0.55914679955682,0.556953708429243,CTOC13.xml
194,115800.0,2035-09-27T20:10:00,5993041.95153911,2000027.71291786,870983.025107733,-145.846713083828,436.797350554639,0.526604943917429,0.335128518822039,-0.493372329734191,-0.570376220731974,0.564750906992024,CTOC13.xml
195,116400.0,2035-09-27T20:20:00,5896706.73222645,2268878.1385163,869675.619786943,-165.451473629987,429.772846989742,0.594016132036117,0.322300619494258,-0.480328895231085,-0.58131411467701,0.572259000066393,CTOC13.xml
196,117000.0,2035-09-27T20:30:00,5788311.46442198,2533107.28902964,868407.553051103,-184.719246285925,421.868904947862,0.660211712592558,0.309302684335474,-0.467044965310277,-0.591954972148915,0.579474038063285,CTOC13.xml
197,117600.0,2035-09-27T20:40:00,5668076.67634471,2792175.16466372,867178.355622667,-203.61065658119,413.101608012148,0.725067968815406,0.296141333271514,-0.453527293473795,-0.602293507923974,0.586392219521318,CTOC13.xml
198,118200.0,2035-09-27T20:50:00,5536247.62308059,3045551.22315339,865986.999473237,-222.087015638504,403.488839422385,0.788446032744781,0.282823327970602,-0.439782800674314,-0.612324518523931,0.593009896545687,CTOC13.xml
199,118800.0,2035-09-27T21:00:00,5393093.12725028,3292716.88710197,864832.532338254,-240.110508419412,393.050202156505,0.850216186646064,0.269355494087643,-0.425818504891399,-0.62204298191376,0.599323574831404,CTOC13.xml
200,119400.0,2035-09-27T21:10:00,5238905.19117937,3533166.24816627,863713.922477081,-257.64424372161,381.806989493148,0.91025199316662,0.255744736222449,-0.411641534236002,-0.631444035634063,0.605329915871096,CTOC13.xml
201,120000.0,2035-09-27T21:20:00,5073998.40103693,3766407.10250673,862630.060785983,-274.652329684717,369.782141560482,0.968430554123678,0.24199803438089,-0.397259123310848,-0.640522979239815,0.611025738711418,CTOC13.xml
202,120600.0,2035-09-27T21:30:00,4898709.28475172,3991961.9582631,861579.763069463,-291.099947256129,357.000198514426,1.0246327620674,0.228122440396481,-0.382678609517474,-0.64927527665632,0.616408021628683,CTOC13.xml
203,121200.0,2035-09-27T21:40:00,4713395.62501794,4209369.01299318,860561.772465304,-306.953421466567,343.487250441922,1.07874354410413,0.214125074314365,-0.367907429311798,-0.65769655845121,0.621473903722825,CTOC13.xml
204,121800.0,2035-09-27T21:50:00,4518435.72878857,4418183.09908008,859574.762018389,-322.180290369851,329.270884091221,1.13065209748219,0.200013120739091,-0.35295311440979,-0.665782624021559,0.626220686428999,CTOC13.xml
205,122400.0,2035-09-27T22:00:00,4314227.65475484,4617976.59516399,858617.337398013,-336.749371505176,314.380126538449,1.18025211645596,0.185793825148637,-0.337823287945719,-0.673529443694678,0.630645834945827,CTOC13.xml
206,123000.0,2035-09-27T22:10:00,4101188.40038314,4808340.30174075,857688.039753171,-350.63082574639,298.845385905029,1.22744200996562,0.171474490176065,-0.322525660584359,-0.680933160741875,0.634746979579707,CTOC13.xml
207,123600.0,2035-09-27T22:20:00,3879753.05017669,4988884.27912716,856785.348699943,-363.796218407042,282.698389247571,1.2721251096852,0.157062471861153,-0.307068026589734,-0.687990093303861,0.63852191700434,CTOC13.xml
208,124200.0,2035-09-27T22:30:00,3650373.88689473,5159238.64608463,855907.68543493,-376.218577476597,265.972117746544,1.31420986801463,0.142565175873469,-0.291458259851782,-0.694696736227135,0.641968611434939,CTOC13.xml
209,124800.0,2035-09-27T22:40:00,3413519.4675521,5319054.33745918,855053.415968327,-387.872448868099,248.700739326698,1.35361004560884,0.127990053709264,-0.27570430987352,-0.701049762810185,0.645085195716387,CTOC13.xml
210,125400.0,2035-09-27T22:50:00,3169673.66608357,5468003.81928972,854220.854470052,-398.733948564395,230.919538846609,1.39024488806057,0.1133445988639,-0.259814197720466,-0.70704602645874,0.647869972324817,CTOC13.xml
211,126000.0,2035-09-27T23:00:00,2919335.05664324,5605781.59213381,853408.096273617,-408.780797981611,212.664872075445,1.42404186414676,0.0986363672968598,-0.243796030033693,-0.712682546684003,0.650321420866861,CTOC13.xml
212,126600.0,2035-09-27T23:10:00,2663014.4155057,5732105.50426763,852613.704984739,-417.992425086965,193.973987739072,1.45492708789861,0.083872876586084,-0.227657922504542,-0.717956573454757,0.652438172953726,CTOC13.xml
213,127200.0,2035-09-27T23:20:00,2401235.88295897,5846716.27545627,851835.688489309,-426.34992163329,174.885105927374,1.48283921324331,0.0690617470606379,-0.211408104334425,-0.722865493330835,0.654219051286513,CTOC13.xml
214,127800.0,2035-09-27T23:30:00,2134534.43033591,5949378.74755688,851072.18907045,-433.836139713571,155.437237601095,1.50772096211459,0.0542106015164234,-0.195054841651348,-0.727406894852424,0.655663045132749,CTOC13.xml
215,128400.0,2035-09-27T23:40:00,1863455.12982005,6039882.18311533,850321.315350135,-440.43571219476,135.670130290726,1.52952125026727,0.0393270853130515,-0.178606451400078,-0.731578553551771,0.656769317083365,CTOC13.xml
216,129000.0,2035-09-27T23:50:00,1588552.04028968,6118040.69776095,849581.146162937,-446.135084248332,115.624186850478,1.54819529210865,0.0244188624414956,-0.162071297109519,-0.735378433046975,0.657537203525152,CTOC13.xml
217,129600.0,2035-09-28T00:00:00,1310387.07471702,6183693.64179784,848849.73449093,-450.922541176211,95.340382867233,1.56370469265421,0.00949361158100834,-0.145457784636866,-0.738804686040114,0.657966215023882,CTOC13.xml
218,130200.0,2035-09-28T00:10:00,1029528.85144706,6236705.93020649,848125.111451678,-454.788232474732,74.8601828939605,1.57601752641812,-0.00544097785222195,-0.128774357891227,-0.741855655219093,0.658056036617828,CTOC13.xml
219,130800.0,2035-09-28T00:20:00,746551.53169858,6276968.32037986,847405.290331166,-457.72419208738,54.2254556784531,1.58510840307701,-0.0203772096629103,-0.112029494538558,-0.744529874062845,0.657806528021539,CTOC13.xml
220,131400.0,2035-09-28T00:30:00,462033.6456682,6304397.63702255,846688.270653421,-459.724354804605,33.478388560961,1.59095851977175,-0.0353073848388137,-0.0952317016903061,-0.74682606754944,0.657217723739745,CTOC13.xml
221,132000.0,2035-09-28T00:40:00,176556.909635569,6318936.94375072,845972.042278506,-460.784568777031,12.6614012156258,1.59355569993981,-0.0502238055152202,-0.0783895115778584,-0.748743152766791,0.656289833091295,CTOC13.xml
222,132600.0,2035-09-28T00:50:00,-109294.963511993,6320555.66103899,845254.589520517,-460.902604116243,-8.18294108795286,1.592894418598,-0.065118778939772,-0.0615114772149353,-0.750280239425663,0.655023240143127,CTOC13.xml
223,133200.0,2035-09-28T01:00:00,-394937.457898406,6309249.63027056,844533.895277124,-460.078157565382,-29.012014525303,1.58897581402323,-0.0799846214353457,-0.0446061680504305,-0.751436630274704,0.653418503554268,CTOC13.xml
224,133800.0,2035-09-28T01:10:00,-679786.449989305,6285041.12375673,843807.945162276,-458.312853229791,-49.7832238824762,1.58180768580665,-0.0948136623594306,-0.027682165613383,-0.752211821417368,0.651476356329922,CTOC13.xml
225,134400.0,2035-09-28T01:20:00,-963259.403179636,6247978.80070267,843074.731633549,-455.610239366024,-70.4540896672701,1.57140447928468,-0.109598248057426,-0.0107480591528634,-0.752605502530518,0.64919770548576,CTOC13.xml
226,135000.0,2035-09-28T01:30:00,-1244776.15050562,6198137.70642712,842332.146689024,-451.975787006979,-90.9823061580847,1.55779658770134,-0.124330718985558,0.00618754136171201,-0.752617551325146,0.646583643534054,CTOC13.xml
227,135600.0,2035-09-28T01:40:00,-1523761.71921395,6135618.74947113,841578.437520628,-447.416857105671,-111.325943486409,1.54099334216778,-0.139003520853936,0.0231160792031652,-0.752248056896942,0.643635400647958,CTOC13.xml
228,136200.0,2035-09-28T01:50:00,-1799645.04514415,6060549.02621374,840811.524605619,-441.942716294331,-131.443359722777,1.52103784983074,-0.153609047877522,0.0400289506452223,-0.751497283622955,0.640354414545354,CTOC13.xml
229,136800.0,2035-09-28T02:00:00,-2071861.78518246,5973081.22735466,840029.468635956,-435.564498880804,-151.293402074594,1.49797071183245,-0.168139753699471,0.0569175791900164,-0.75036569569146,0.636742283136985,CTOC13.xml
230,137400.0,2035-09-28T02:10:00,-2339855.05983145,5873393.40642105,839230.357409614,-428.295188648564,-170.835462008341,1.47183889496869,-0.182588128559221,0.0737734024232627,-0.748853950481325,0.632800775325576,CTOC13.xml
231,138000.0,2035-09-28T02:20:00,-2603076.59245939,5761688.61708992,838412.309750316,-420.14959241002,-190.029558325442,1.44269563600354,-0.196946703168257,0.0905878763599307,-0.746962898190665,0.628531830136195,CTOC13.xml
232,138600.0,2035-09-28T02:30:00,-2860987.8310175,5638194.4993643,837573.479364037,-411.144309830199,-208.836418959665,1.41060033315659,-0.211208052565941,0.107352479779781,-0.744693581367593,0.623937555758861,CTOC13.xml
233,139200.0,2035-09-28T02:40:00,-3113061.04993025,5503162.81544646,836712.058624383,-401.297699582305,-227.217561328701,1.37561842498364,-0.225364799953446,0.124058718550591,-0.742047234343322,0.619020228503847,CTOC13.xml
234,139800.0,2035-09-28T02:50:00,-3358780.42990112,5356868.93625655,835826.282279102,-390.629841904306,-245.135371075311,1.33782125689859,-0.239409620503597,0.140698129936682,-0.739025282567943,0.613782291670276,CTOC13.xml
235,140400.0,2035-09-28T03:00:00,-3597643.11342926,5199611.27964215,834914.431070139,-379.162497632777,-262.553179037264,1.29728593560807,-0.253335245144988,0.157262286890838,-0.735629341849202,0.608226354328471,CTOC13.xml
236,141000.0,2035-09-28T03:10:00,-3829160.23387368,5031710.70142639,833974.83525984,-366.919063797723,-279.435336288328,1.25409517175649,-0.267134464318174,0.173742802327254,-0.731861217494702,0.602355190016727,CTOC13.xml
237,141600.0,2035-09-28T03:20:00,-4052857.9159598,4853509.84053814,833005.878056072,-353.924525868996,-295.747287096785,1.20833711110261,-0.280800131702059,0.190131333373361,-0.727722903357982,0.596171735353165,CTOC13.xml
238,142200.0,2035-09-28T03:30:00,-4268278.24568111,4665372.41956068,832005.998929256,-340.205406751835,-311.455639652187,1.16010515457225,-0.294325167908551,0.206419585598383,-0.723216580788971,0.589679088563351,CTOC13.xml
239,142800.0,2035-09-28T03:40:00,-4474980.20761196,4467682.50212632,830973.696814533,-325.78971263555,-326.528234415691,1.10949776755452,-0.307702564143681,0.222599317216566,-0.718344617489354,0.582880507924391,CTOC13.xml
240,143400.0,2035-09-28T03:50:00,-4672540.58771157,4260843.70867469,829907.533192497,-310.706875806069,-340.934209953941,1.05661827883111,-0.32092538583317,0.238662343262853,-0.713109566273458,0.575779410126305,CTOC13.xml
241,144000.0,2035-09-28T04:00:00,-4860554.56931355,4045278.71937546,828806.124137841,-294.987717119958,-354.644047305425,1.00158668578484,-0.33398674998832,0.254600525085737,-0.707514168404195,0.568379384712031,CTOC13.xml
242,144600.0,2035-09-28T04:10:00,-5038637.65755205,3821427.11402931,827668.19421618,-278.66429360613,-367.629706689152,0.944491392857384,-0.3468799337677,0.270405833340627,-0.701561334175242,0.560684127860717,CTOC13.xml
243,145200.0,2035-09-28T04:20:00,-5206424.8027709,3589746.40141656,826492.491364457,-261.769965846359,-379.864569017636,0.885460982865593,-0.359598220293662,0.286070263358683,-0.695254167351896,0.552697536780604,CTOC13.xml
244,145800.0,2035-09-28T04:30:00,-5363572.27121425,3350709.81179429,825277.855393396,-244.339242125322,-391.323568686943,0.824616034913361,-0.372135007350701,0.301585898589449,-0.68859594694177,0.544423643802742,CTOC13.xml
245,146400.0,2035-09-28T04:40:00,-5509758.06489847,3104805.64532798,824023.202030083,-226.407729636483,-401.983225100342,0.762080845759864,-0.38448378447319,0.316944899694787,-0.681590129476748,0.535866630267742,CTOC13.xml
246,147000.0,2035-09-28T04:50:00,-5644682.58128257,2852536.27440983,822727.525147282,-208.01206173044,-411.821690772504,0.697983175853189,-0.396638136319296,0.332139508515541,-0.674240347222197,0.527030824409638,CTOC13.xml
247,147600.0,2035-09-28T05:00:00,-5768069.22717383,2594417.1171501,821389.898833065,-189.189823061192,-420.818796096464,0.632453988268126,-0.408591745996635,0.347162051996047,-0.666550406297275,0.517920699163735,CTOC13.xml
248,148200.0,2035-09-28T05:10:00,-5879664.98561272,2330975.58413687,820009.479296528,-169.979472783107,-428.956090681756,0.565627181081103,-0.420338398337993,0.362004946064707,-0.658524284707237,0.508540869899521,CTOC13.xml
249,148800.0,2035-09-28T05:20:00,-5979240.93457622,2062750.00061534,818585.506605671,-150.420265955473,-436.216881179066,0.497639313728829,-0.431871983125538,0.376660699468664,-0.65016613028871,0.4988960920797,CTOC13.xml
250,149400.0,2035-09-28T05:30:00,-6066592.71643424,1790288.50629383,817117.306253903,-130.552173315576,-442.586265513727,0.428629327911066,-0.443186498261628,0.391121917560461,-0.641480258569137,0.488991258846718,CTOC13.xml
251,150000.0,2035-09-28T05:40:00,-6141540.95719944,1514147.93501921,815604.290551939,-110.415799583828,-448.051163458066,0.358738263606419,-0.454276052884856,0.405381306035083,-0.632471150541279,0.478831398537769,CTOC13.xml
252,150600.0,2035-09-28T05:50:00,-6203931.63470773,1234892.67661991,814045.959842243,-90.0523004685549,-452.600343479697,0.288108970783732,-0.465134870429372,0.419431674615042,-0.623143450354217,0.46842167212984,CTOC13.xml
253,151200.0,2035-09-28T06:00:00,-6253636.39497713,953093.523232991,812441.903533528,-69.5032985393416,-456.224445810892,0.216885817395853,-0.475757291626305,0.433265940682193,-0.613501962921666,0.457767370615731,CTOC13.xml
254,151800.0,2035-09-28T06:10:00,-6290552.81609243,669326.502485637,810791.800953182,-48.8107981417962,-458.916001691461,0.145214394255733,-0.486137777445262,0.446877132853845,-0.603551651449262,0.446873912312832,CTOC13.xml
255,152400.0,2035-09-28T06:20:00,-6314604.61907641,384171.699903877,809095.422015876,-28.0170995267528,-460.669448745795,0.0732412173950121,-0.496270911974893,0.460258394501939,-0.593297634881658,0.435746840105509,CTOC13.xml
256,153000.0,2035-09-28T06:30:00,-6325741.80749365,98212.4929153537,807352.716226687,-7.1647417738242,-461.481142005756,0.00112319091210039,-0.506151382593644,0.473402976983832,-0.582745199534641,0.424391837457696,CTOC13.xml
257,153600.0,2035-09-28T06:40:00,-6323940.86063039,-187967.320977398,805563.464864,13.7037017429884,-461.349364626181,-0.0710120450179669,-0.515774073622441,0.486304284321857,-0.571899739933235,0.412814650289229,CTOC13.xml
258,154200.0,2035-09-28T06:50:00,-6309204.62144709,-473782.200254848,803727.794121645,34.5455341399266,-460.274324771895,-0.143006955962394,-0.525133932208499,0.498955814079737,-0.560766839797426,0.401021196725154,CTOC13.xml
259,154800.0,2035-09-28T07:00:00,-6281562.41820625,-758647.734406225,801845.839220986,55.3181397838105,-458.258161114876,-0.214714329709959,-0.534226062444908,0.511351202632219,-0.549352213946931,0.389017489070605,CTOC13.xml
260,155400.0,2035-09-28T07:10:00,-6241069.96989339,-1041981.41969516,799917.826521893,75.9790420844738,-455.304936780483,-0.285987533324284,-0.54304570497683,0.523484217784643,-0.537661719024023,0.376809649468735,CTOC13.xml
261,156000.0,2035-09-28T07:20:00,-6187809.27373328,-1323203.85035455,797944.073072838,96.4859903575464,-451.420631144953,-0.356680813007275,-0.551588239484341,0.535348761912303,-0.525701350489932,0.364403906777345,CTOC13.xml
262,156600.0,2035-09-28T07:30:00,-6121888.43896427,-1601739.90351598,795924.985975538,116.797046230361,-446.613127713937,-0.426649592182347,-0.559849187094586,0.546938875031153,-0.513477239550918,0.351806593389547,CTOC13.xml
263,157200.0,2035-09-28T07:40:00,-6043441.46721033,-1877019.91543452,793861.061565423,136.870669413105,-440.892198106873,-0.495750767183785,-0.56782421272151,0.558248737797634,-0.500995650016273,0.339024142000711,CTOC13.xml
264,157800.0,2035-09-28T07:50:00,-5952627.97989514,-2148480.8466159,791752.884409606,156.665802660738,-434.269482179567,-0.563842999950714,-0.575509127332289,0.569272674436679,-0.488262975089294,0.326063082322867,CTOC13.xml
265,158400.0,2035-09-28T08:00:00,-5849632.89325438,-2415567.43345578,789601.126124388,176.141955751352,-426.758464325566,-0.630787007125132,-0.582899890139074,0.580005155596121,-0.475285734093145,0.312930037748561,CTOC13.xml
266,159000.0,2035-09-28T08:10:00,-5734666.04160869,-2677733.32403602,787406.544014709,195.259288309254,-418.374446004603,-0.696445844962865,-0.589992610714953,0.590440801126035,-0.462070569133353,0.29963172196578,CTOC13.xml
267,159600.0,2035-09-28T08:20:00,-5607961.74966361,-2934442.19575854,785169.979538324,213.978691303631,-409.134514554018,-0.760685189475539,-0.596783551033122,0.600574382781844,-0.44862424169839,0.286174935525544,CTOC13.xml
268,160200.0,2035-09-28T08:30:00,-5469778.35471002,-3185168.85252673,782892.356597824,232.261867055815,-399.057508346842,-0.823373611229627,-0.603269127428054,0.610400826849615,-0.434953629200297,0.272566562364115,CTOC13.xml
269,160800.0,2035-09-28T08:40:00,-5320397.67969903,-3429400.29923152,780574.679664007,250.071407591577,-388.163978367569,-0.884382844240739,-0.609445912477773,0.61991521669235,-0.421065721456989,0.258813566281438,CTOC13.xml
270,161400.0,2035-09-28T08:50:00,-5160124.45826787,-3666636.79134161,778218.0317344,267.37087117801,-376.476146284115,-0.943588048412504,-0.615310636806106,0.629112795215828,-0.40696761711826,0.244922987377821,CTOC13.xml
271,162000.0,2035-09-28T09:00:00,-4989285.95082554,-3896392.52350682,775823.719139713,284.124833681473,-364.01787722548,-1.00086431674326,-0.620860174236107,0.637988962701533,-0.392666542105854,0.230901958045324,CTOC13.xml
272,162600.0,2035-09-28T09:10:00,-4808230.33950669,-4118197.9703542,773392.683329533,300.299054677809,-350.814559644724,-1.05610240462662,-0.62609161016044,0.646539297736041,-0.37816975810975,0.216757620906182,CTOC13.xml
273,163200.0,2035-09-28T09:20:00,-4617327.40106825,-4331598.81091457,770926.373574225,315.860405900767,-336.893159031161,-1.10918502180065,-0.631002142322556,0.654759530856034,-0.363484689897472,0.202497242814985,CTOC13.xml
274,163800.0,2035-09-28T09:30:00,-4416966.84417707,-4536158.22701183,768426.163415716,330.777034251212,-322.282093565922,-1.16000350751705,-0.635589149921373,0.662645566148483,-0.348618834639927,0.188128132665697,CTOC13.xml
275,164400.0,2035-09-28T09:40:00,-4207557.73693406,-4731457.45245433,765893.492400596,345.018402993386,-307.011193150563,-1.20845382400374,-0.639850177982404,0.67019347832585,-0.333579779687309,0.173657657271862,CTOC13.xml
276,165000.0,2035-09-28T09:50:00,-3989527.67150235,-4917096.63024683,763329.863148325,358.55535426343,-291.111638490409,-1.25443676943698,-0.643782938662103,0.67739951468547,-0.318375198695499,0.159093237590661,CTOC13.xml
277,165600.0,2035-09-28T10:00:00,-3763321.89081951,-5092695.63117782,760736.83829034,371.36016876137,-274.615897413024,-1.29785818103515,-0.647385312466442,0.684260096980808,-0.303012847709382,0.144442344918634,CTOC13.xml
278,166200.0,2035-09-28T10:10:00,-3529402.37917137,-5257894.8321127,758116.037286296,383.406622504823,-257.557658551388,-1.33862912785989,-0.650655349383265,0.690771823203731,-0.287500561204846,0.129712497060358,CTOC13.xml
279,166800.0,2035-09-28T10:20:00,-3288246.91849177,-5412355.85239381,755469.133123964,394.670040527823,-239.971762527775,-1.37666609292853,-0.653591269927722,0.696931469276623,-0.271846248092207,0.114911254472247,CTOC13.xml
280,167400.0,2035-09-28T10:30:00,-3040348.11231267,-5555762.24684296,752797.848909527,405.127347415081,-221.894130778636,-1.41189114426572,-0.656191466100165,0.702735990653984,-0.25605788768193,0.100046216383967,CTOC13.xml
281,168000.0,2035-09-28T10:40:00,-2786212.37935715,-5687820.15394791,750103.954355213,414.757114568218,-203.361692165792,-1.44423209454423,-0.658454502256163,0.7081825238323,-0.240143525615699,0.0851250168984731,CTOC13.xml
282,168600.0,2035-09-28T10:50:00,-2526358.91883804,-5808258.89790178,747389.262171494,423.539604106917,-184.412307524365,-1.47362264898683,-0.660379115888021,0.713268387767528,-0.224111269764693,0.0701553210734838,CTOC13.xml
283,169200.0,2035-09-28T11:00:00,-2261318.64956875,-5916831.54326652,744655.624371169,431.456809315404,-165.084692301041,-1.50000254122765,-0.661964218317411,0.717991085199834,-0.207969286096195,0.0551448209864152,CTOC13.xml
284,169800.0,2035-09-28T11:10:00,-1991633.12506276,-6013315.40111992,741904.928492927,438.492491551055,-145.418337441406,-1.52331765685344,-0.663208895298853,0.722348303884161,-0.19172579451282,0.0401012317838225,CTOC13.xml
285,170400.0,2035-09-28T11:20:00,-1717853.42682951,-6097512.48565316,739139.093752072,444.632213539837,-125.453428687315,-1.54352014437257,-0.664112407533576,0.726337917726754,-0.175389064664609,0.0250322877179327,CTOC13.xml
286,171000.0,2035-09-28T11:30:00,-1440539.42216046,-6169249.81347924,736360.210636689,449.863362265728,-105.23079314607,-1.56057190846919,-0.664674182357054,0.729957989599136,-0.158967438981993,0.00994575647581651,CTOC13.xml
287,171600.0,2035-09-28T11:40:00,-1160257.08837294,-6228380.20353598,733569.960648596,454.175203041464,-84.7917013973913,-1.57443158461097,0.664893849567992,-0.733206765631008,0.142469219713574,0.00515063819131555,CTOC13.xml
288,172200.0,2035-09-28T11:50:00,-877579.646349591,-6274781.88543507,730770.479795765,457.558857343676,-64.1779543151376,-1.58507356433245,0.66477118760961,-0.736082685386896,0.125902827360448,0.0202491101130382,CTOC13.xml
289,172800.0,2035-09-28T12:00:00,-593084.866577266,-6308359.2301359,727963.774334176,460.007351826796,-43.4316838424379,-1.59247589770646,0.664224987915863,-0.738610367474553,0.1097690058256,0.0347944801274099,CTOC13.xml
