index,name,catalogNumber,orb_epoch_utc,start_utc,stop_utc,position_x_m,position_y_m,position_z_m,velocity_x_mps,velocity_y_mps,velocity_z_mps,source_file,source_xpath
1,Debris1,99999,2030-11-14 08:00:00,2030-11-14 08:00:00,2030-11-15 08:00:00,-1113924.525,634293.4334,-8840283.673,1753.318591,6029.055789,534.921035,ZPY15.xml,/Scenario/Satellite[1]
2,Debris2,99999,2030-11-14 08:00:00,2030-11-14 08:00:00,2030-11-15 08:00:00,-1654510.742,-2551988.329,-6763069.244,1342.097126,6593.96285,-2677.689633,ZPY15.xml,/Scenario/Satellite[2]
3,Debris3,99999,2030-11-14 08:00:00,2030-11-14 08:00:00,2030-11-15 08:00:00,-157293.1401,6791057.077,3320226.864,1575.046771,-4179.296546,6287.261607,ZPY15.xml,/Scenario/Satellite[3]
4,Debris4,99999,2030-11-14 08:00:00,2030-11-14 08:00:00,2030-11-15 08:00:00,1724482.42,3541999.889,5842059.653,-920.84565,-6271.557571,4181.721564,ZPY15.xml,/Scenario/Satellite[4]
5,Debris5,99999,2030-11-14 08:00:00,2030-11-14 08:00:00,2030-11-15 08:00:00,1686926.646,3809313.726,5711609.848,-711.101504,-6168.331322,4329.579936,ZPY15.xml,/Scenario/Satellite[5]
6,Debris6,99999,2030-11-14 08:00:00,2030-11-14 08:00:00,2030-11-15 08:00:00,-891176.747,-6097028.486,4536678.692,-1926.000159,-4460.448733,-5346.115785,ZPY15.xml,/Scenario/Satellite[6]
7,Debris7,99999,2030-11-14 08:00:00,2030-11-14 08:00:00,2030-11-15 08:00:00,-257219.5544,3436477.848,-6700848.831,1816.036807,6122.552075,3279.250234,ZPY15.xml,/Scenario/Satellite[7]
8,Debris8,99999,2030-11-14 08:00:00,2030-11-14 08:00:00,2030-11-15 08:00:00,1875372.529,6868688.382,1059149.43,674.330848,-1625.635327,7356.071199,ZPY15.xml,/Scenario/Satellite[8]
9,Debris9,99999,2030-11-14 08:00:00,2030-11-14 08:00:00,2030-11-15 08:00:00,-966495.7619,369088.6885,-7296800.942,1865.091449,7039.022496,193.739813,ZPY15.xml,/Scenario/Satellite[9]
10,Debris10,99999,2030-11-14 08:00:00,2030-11-14 08:00:00,2030-11-15 08:00:00,-556585.5323,1692716.8,-6839123.221,2072.837798,7033.328634,1728.460198,ZPY15.xml,/Scenario/Satellite[10]
11,Debris11,99999,2030-11-14 08:00:00,2030-11-14 08:00:00,2030-11-15 08:00:00,1285046.55,6806995.551,-1409155.747,1355.759703,1239.934031,7293.540831,ZPY15.xml,/Scenario/Satellite[11]
12,Debris12,99999,2030-11-14 08:00:00,2030-11-14 08:00:00,2030-11-15 08:00:00,-1874334.844,-5862676.752,-3793839.186,-15.305604,4028.408934,-6177.954363,ZPY15.xml,/Scenario/Satellite[12]
13,Debris13,99999,2030-11-14 08:00:00,2030-11-14 08:00:00,2030-11-15 08:00:00,1150323.577,523028.4595,6966809.528,-1747.713781,-7297.780065,861.649721,ZPY15.xml,/Scenario/Satellite[13]
14,Debris14,99999,2030-11-14 08:00:00,2030-11-14 08:00:00,2030-11-15 08:00:00,-1364689.334,-1233704.872,-7156862.381,1609.512027,6944.59185,-1409.842344,ZPY15.xml,/Scenario/Satellite[14]
15,Debris15,99999,2030-11-14 08:00:00,2030-11-14 08:00:00,2030-11-15 08:00:00,696527.7231,-1312153.246,6950893.721,-1927.153882,-7191.765267,-1071.275134,ZPY15.xml,/Scenario/Satellite[15]
16,Debris16,99999,2030-11-14 08:00:00,2030-11-14 08:00:00,2030-11-15 08:00:00,-1089034.041,144270.4723,-7732400.178,1817.874879,6742.435587,150.408827,ZPY15.xml,/Scenario/Satellite[16]
17,Debris17,99999,2030-11-14 08:00:00,2030-11-14 08:00:00,2030-11-15 08:00:00,55149.95431,3629428.836,-6083281.142,2138.158837,6143.029535,3760.781292,ZPY15.xml,/Scenario/Satellite[17]
18,Debris18,99999,2030-11-14 08:00:00,2030-11-14 08:00:00,2030-11-15 08:00:00,-23331.8148,3813930.289,-7229166.74,1991.099652,5520.128214,3405.775404,ZPY15.xml,/Scenario/Satellite[18]
19,Debris19,99999,2030-11-14 08:00:00,2030-11-14 08:00:00,2030-11-15 08:00:00,510639.2804,-2105853.695,6796136.286,-1915.708701,-6993.745881,-1893.509841,ZPY15.xml,/Scenario/Satellite[19]
20,Debris20,99999,2030-11-14 08:00:00,2030-11-14 08:00:00,2030-11-15 08:00:00,1965458.338,5950706.317,3339816.011,23.927408,-3764.679878,6533.460758,ZPY15.xml,/Scenario/Satellite[20]
21,Debris21,99999,2030-11-14 08:00:00,2030-11-14 08:00:00,2030-11-15 08:00:00,-1517637.534,-1204434.347,-8181436.765,1535.774266,6331.857456,-984.810804,ZPY15.xml,/Scenario/Satellite[21]
22,Debris22,99999,2030-11-14 08:00:00,2030-11-14 08:00:00,2030-11-15 08:00:00,-1719479.954,-3141497.123,-6218407.726,1146.292092,6416.82528,-3559.637006,ZPY15.xml,/Scenario/Satellite[22]
23,Debris23,99999,2030-11-14 08:00:00,2030-11-14 08:00:00,2030-11-15 08:00:00,-2067083.052,-7151268.155,-1221356.147,-727.620292,1142.594819,-7061.849561,ZPY15.xml,/Scenario/Satellite[23]
24,Debris24,99999,2030-11-14 08:00:00,2030-11-14 08:00:00,2030-11-15 08:00:00,605244.4863,5261109.708,-4732383.055,1962.593925,4687.481993,5504.324921,ZPY15.xml,/Scenario/Satellite[24]
25,Debris25,99999,2030-11-14 08:00:00,2030-11-14 08:00:00,2030-11-15 08:00:00,1153833.315,531185.213,6971307.902,-1506.092514,-7344.099347,872.75418,ZPY15.xml,/Scenario/Satellite[25]
26,Debris26,99999,2030-11-14 08:00:00,2030-11-14 08:00:00,2030-11-15 08:00:00,-963503.5524,560412.369,-7268134.885,1603.88344,7107.623248,460.387132,ZPY15.xml,/Scenario/Satellite[26]
27,Debris27,99999,2030-11-14 08:00:00,2030-11-14 08:00:00,2030-11-15 08:00:00,1571818.194,7019642.943,-1027622.025,1210.402272,545.776477,7317.05752,ZPY15.xml,/Scenario/Satellite[27]
28,Debris28,99999,2030-11-14 08:00:00,2030-11-14 08:00:00,2030-11-15 08:00:00,422239.8736,4687310.939,-5532256.27,2066.912556,5234.566452,4782.994651,ZPY15.xml,/Scenario/Satellite[28]
29,Debris29,99999,2030-11-14 08:00:00,2030-11-14 08:00:00,2030-11-15 08:00:00,1625648.866,6955933.579,-538604.2785,1129.411811,178.905653,7392.913988,ZPY15.xml,/Scenario/Satellite[29]
30,Debris30,99999,2030-11-14 08:00:00,2030-11-14 08:00:00,2030-11-15 08:00:00,1569510.996,6771440.958,-1118497.499,1307.664438,908.260634,7381.658101,ZPY15.xml,/Scenario/Satellite[30]
31,Debris31,99999,2030-11-14 08:00:00,2030-11-14 08:00:00,2030-11-15 08:00:00,-1941823.263,-3876891.838,-6294629.39,952.734667,5792.662777,-3966.755157,ZPY15.xml,/Scenario/Satellite[31]
32,Debris32,99999,2030-11-14 08:00:00,2030-11-14 08:00:00,2030-11-15 08:00:00,-1980629.715,-6541148.17,-2343592.952,-367.218685,2569.946025,-6911.535378,ZPY15.xml,/Scenario/Satellite[32]
33,Debris33,99999,2030-11-14 08:00:00,2030-11-14 08:00:00,2030-11-15 08:00:00,-1098958.717,-6396556.201,3246254.159,-1739.509448,-3208.155074,-6460.535623,ZPY15.xml,/Scenario/Satellite[33]
34,Debris34,99999,2030-11-14 08:00:00,2030-11-14 08:00:00,2030-11-15 08:00:00,1786968.012,3692841.77,5626721.068,-907.337599,-6040.099584,4659.332753,ZPY15.xml,/Scenario/Satellite[34]
35,Debris35,99999,2030-11-14 08:00:00,2030-11-14 08:00:00,2030-11-15 08:00:00,-752754.083,1488105.315,-7910659.291,1907.910135,6406.216064,1246.168058,ZPY15.xml,/Scenario/Satellite[35]
36,Debris36,99999,2030-11-14 08:00:00,2030-11-14 08:00:00,2030-11-15 08:00:00,160057.0271,4457574.499,-5611727.539,1924.364937,5498.891327,4696.678578,ZPY15.xml,/Scenario/Satellite[36]
37,Debris37,99999,2030-11-14 08:00:00,2030-11-14 08:00:00,2030-11-15 08:00:00,77264.12901,-3233276.093,6325075.471,-2150.084445,-6459.87469,-3201.473264,ZPY15.xml,/Scenario/Satellite[37]
38,Debris38,99999,2030-11-14 08:00:00,2030-11-14 08:00:00,2030-11-15 08:00:00,-1890019.213,-6874778.632,-886922.3463,-783.491371,1098.503764,-7303.433421,ZPY15.xml,/Scenario/Satellite[38]
39,Debris39,99999,2030-11-14 08:00:00,2030-11-14 08:00:00,2030-11-15 08:00:00,76535.32723,-3487744.107,6330380.995,-2023.100332,-6333.3017,-3235.292869,ZPY15.xml,/Scenario/Satellite[39]
40,Debris40,99999,2030-11-14 08:00:00,2030-11-14 08:00:00,2030-11-15 08:00:00,-1363597.698,-6602304.539,2388561.903,-1595.910494,-2263.248473,-6932.868709,ZPY15.xml,/Scenario/Satellite[40]
41,Debris41,99999,2030-11-14 08:00:00,2030-11-14 08:00:00,2030-11-15 08:00:00,-918654.8127,-5927960.862,4010525.874,-1895.848917,-4005.244487,-6005.227176,ZPY15.xml,/Scenario/Satellite[41]
42,Debris42,99999,2030-11-14 08:00:00,2030-11-14 08:00:00,2030-11-15 08:00:00,-196293.2529,3184858.516,-6335177.131,1980.515788,6461.886649,3261.127592,ZPY15.xml,/Scenario/Satellite[42]
43,Debris43,99999,2030-11-14 08:00:00,2030-11-14 08:00:00,2030-11-15 08:00:00,-759853.3063,-5573893.59,4493875.738,-1945.001249,-4418.872096,-5633.111045,ZPY15.xml,/Scenario/Satellite[43]
44,Debris44,99999,2030-11-14 08:00:00,2030-11-14 08:00:00,2030-11-15 08:00:00,1355185.63,6567233.738,-2189525.75,1550.226354,2025.084069,7093.881707,ZPY15.xml,/Scenario/Satellite[44]
45,Debris45,99999,2030-11-14 08:00:00,2030-11-14 08:00:00,2030-11-15 08:00:00,-790985.1118,899148.972,-7040726.622,1962.153502,7156.87486,729.657703,ZPY15.xml,/Scenario/Satellite[45]
46,Debris46,99999,2030-11-14 08:00:00,2030-11-14 08:00:00,2030-11-15 08:00:00,1296890.656,6674980.143,-1911376.799,1469.932497,1750.86658,7172.654173,ZPY15.xml,/Scenario/Satellite[46]
47,Debris47,99999,2030-11-14 08:00:00,2030-11-14 08:00:00,2030-11-15 08:00:00,1873416.174,4359449.348,5209543.262,-705.957354,-5643.579657,5033.302322,ZPY15.xml,/Scenario/Satellite[47]
48,Debris48,99999,2030-11-14 08:00:00,2030-11-14 08:00:00,2030-11-15 08:00:00,2005877.169,5164384.62,4484094.035,-481.839242,-5034.419964,5715.030547,ZPY15.xml,/Scenario/Satellite[48]
49,Debris49,99999,2030-11-14 08:00:00,2030-11-14 08:00:00,2030-11-15 08:00:00,-596298.5727,2034196.905,-7775480.398,1930.408869,6300.599836,1762.258128,ZPY15.xml,/Scenario/Satellite[49]
50,Debris50,99999,2030-11-14 08:00:00,2030-11-14 08:00:00,2030-11-15 08:00:00,-873188.5773,-5724700.057,4203354.125,-1934.292525,-4146.413406,-5898.215578,ZPY15.xml,/Scenario/Satellite[50]
51,Debris51,99999,2030-11-14 08:00:00,2030-11-14 08:00:00,2030-11-15 08:00:00,-2173951.905,-9074596.5,393226.5744,-1374.082233,-1767.843354,-6259.262422,ZPY15.xml,/Scenario/Satellite[51]
52,Debris52,99999,2030-11-14 08:00:00,2030-11-14 08:00:00,2030-11-15 08:00:00,144809.0837,3886177.461,-5899762.32,2133.012503,5965.944164,4072.495202,ZPY15.xml,/Scenario/Satellite[52]
53,Debris53,99999,2030-11-14 08:00:00,2030-11-14 08:00:00,2030-11-15 08:00:00,-760975.7998,1219808.824,-7446914.538,1952.118898,6779.118121,1061.734855,ZPY15.xml,/Scenario/Satellite[53]
54,Debris54,99999,2030-11-14 08:00:00,2030-11-14 08:00:00,2030-11-15 08:00:00,729396.6096,5521144.309,-4413658.217,1927.336608,4341.035178,5787.39692,ZPY15.xml,/Scenario/Satellite[54]
55,Debris55,99999,2030-11-14 08:00:00,2030-11-14 08:00:00,2030-11-15 08:00:00,-1832631.312,-7160318.917,95386.05277,-1049.839533,6.184201,-7202.752932,ZPY15.xml,/Scenario/Satellite[55]
56,Debris56,99999,2030-11-14 08:00:00,2030-11-14 08:00:00,2030-11-15 08:00:00,-1655692.778,-7031696.958,239226.356,-1085.210743,-46.887574,-7303.381282,ZPY15.xml,/Scenario/Satellite[56]
57,Debris57,99999,2030-11-14 08:00:00,2030-11-14 08:00:00,2030-11-15 08:00:00,-1895279.351,-7072268.008,-295991.4523,-959.97839,377.959166,-7270.082,ZPY15.xml,/Scenario/Satellite[57]
58,Debris58,99999,2030-11-14 08:00:00,2030-11-14 08:00:00,2030-11-15 08:00:00,602129.4622,-1724256.588,6879278.27,-1934.848437,-7167.501584,-1488.141242,ZPY15.xml,/Scenario/Satellite[58]
59,Debris59,99999,2030-11-14 08:00:00,2030-11-14 08:00:00,2030-11-15 08:00:00,1514484.518,2163631.006,6567795.2,-1422.607737,-7131.978153,2640.338536,ZPY15.xml,/Scenario/Satellite[59]
60,Debris60,99999,2030-11-14 08:00:00,2030-11-14 08:00:00,2030-11-15 08:00:00,191390.5194,-2945845.189,6488945.045,-2108.296018,-6614.926607,-2831.024874,ZPY15.xml,/Scenario/Satellite[60]
61,Debris61,99999,2030-11-14 08:00:00,2030-11-14 08:00:00,2030-11-15 08:00:00,1983512.33,5506334.45,3982393.541,-227.410558,-4413.794149,6136.987677,ZPY15.xml,/Scenario/Satellite[61]
62,Debris62,99999,2030-11-14 08:00:00,2030-11-14 08:00:00,2030-11-15 08:00:00,-85915.31974,3728168.028,-7198190.274,1958.66614,5585.188854,3435.646924,ZPY15.xml,/Scenario/Satellite[62]
63,Debris63,99999,2030-11-14 08:00:00,2030-11-14 08:00:00,2030-11-15 08:00:00,1754374.832,3483948.273,5902688.817,-1040.239021,-6378.383625,4042.883634,ZPY15.xml,/Scenario/Satellite[63]
64,Debris64,99999,2030-11-14 08:00:00,2030-11-14 08:00:00,2030-11-15 08:00:00,-184744.386,-4095445.437,5911967.001,-2135.118669,-6065.812891,-3955.978767,ZPY15.xml,/Scenario/Satellite[64]
65,Debris65,99999,2030-11-14 08:00:00,2030-11-14 08:00:00,2030-11-15 08:00:00,-691537.6861,-5441620.826,4730402.559,-1988.547999,-4717.814974,-5392.997717,ZPY15.xml,/Scenario/Satellite[65]
66,Debris66,99999,2030-11-14 08:00:00,2030-11-14 08:00:00,2030-11-15 08:00:00,520896.7695,-1859541.822,6831077.307,-2049.703173,-7045.759594,-1694.363656,ZPY15.xml,/Scenario/Satellite[66]
67,Debris67,99999,2030-11-14 08:00:00,2030-11-14 08:00:00,2030-11-15 08:00:00,807903.138,5936093.743,-5567827.24,1836.956228,3872.209468,5337.574052,ZPY15.xml,/Scenario/Satellite[67]
68,Debris68,99999,2030-11-14 08:00:00,2030-11-14 08:00:00,2030-11-15 08:00:00,-1832243.662,-3794644.717,-5820943.288,953.099611,6029.917353,-4213.026023,ZPY15.xml,/Scenario/Satellite[68]
69,Debris69,99999,2030-11-14 08:00:00,2030-11-14 08:00:00,2030-11-15 08:00:00,758365.1725,-1272032.315,6947609.739,-1732.586811,-7248.309612,-1053.738472,ZPY15.xml,/Scenario/Satellite[69]
70,Debris70,99999,2030-11-14 08:00:00,2030-11-14 08:00:00,2030-11-15 08:00:00,-1630227.352,-3368034.814,-6132897.541,805.456404,6386.607596,-3687.379488,ZPY15.xml,/Scenario/Satellite[70]
71,Debris71,99999,2030-11-14 08:00:00,2030-11-14 08:00:00,2030-11-15 08:00:00,477800.9168,-2009220.947,6895424.933,-2053.359088,-6948.638609,-1631.664231,ZPY15.xml,/Scenario/Satellite[71]
72,Debris72,99999,2030-11-14 08:00:00,2030-11-14 08:00:00,2030-11-15 08:00:00,661194.3548,-1400065.844,6929951.43,-1976.488604,-7168.225005,-1184.328734,ZPY15.xml,/Scenario/Satellite[72]
73,Debris73,99999,2030-11-14 08:00:00,2030-11-14 08:00:00,2030-11-15 08:00:00,-1887506.183,-7084132.806,-690777.9846,-863.243316,765.850921,-7214.314462,ZPY15.xml,/Scenario/Satellite[73]
74,Debris74,99999,2030-11-14 08:00:00,2030-11-14 08:00:00,2030-11-15 08:00:00,-918257.6544,433840.4369,-7076686.617,1890.476574,7202.478397,222.388337,ZPY15.xml,/Scenario/Satellite[74]
75,Debris75,99999,2030-11-14 08:00:00,2030-11-14 08:00:00,2030-11-15 08:00:00,-1032561.61,-6120926.921,3579959.826,-1812.266902,-3496.890248,-6327.533973,ZPY15.xml,/Scenario/Satellite[75]
76,Debris76,99999,2030-11-14 08:00:00,2030-11-14 08:00:00,2030-11-15 08:00:00,-1296183.135,-6805690.723,1781193.039,-1438.253091,-1672.439561,-7130.197928,ZPY15.xml,/Scenario/Satellite[76]
77,Debris77,99999,2030-11-14 08:00:00,2030-11-14 08:00:00,2030-11-15 08:00:00,-784368.1696,-5650150.468,4512286.087,-1982.470929,-4560.360636,-5570.513183,ZPY15.xml,/Scenario/Satellite[77]
78,Debris78,99999,2030-11-14 08:00:00,2030-11-14 08:00:00,2030-11-15 08:00:00,939755.2012,5851111.941,-4101209.664,1886.611381,3796.93288,6115.077556,ZPY15.xml,/Scenario/Satellite[78]
79,Debris79,99999,2030-11-14 08:00:00,2030-11-14 08:00:00,2030-11-15 08:00:00,-1479650.508,-7053221.681,2706361.05,-1699.694455,-2842.873705,-6441.637761,ZPY15.xml,/Scenario/Satellite[79]
80,Debris80,99999,2030-11-14 08:00:00,2030-11-14 08:00:00,2030-11-15 08:00:00,-1801853.076,-3712734.133,-5890624.432,952.635344,6105.888106,-4089.86617,ZPY15.xml,/Scenario/Satellite[80]
81,Debris81,99999,2030-11-14 08:00:00,2030-11-14 08:00:00,2030-11-15 08:00:00,-2065342.883,-6828970.254,-2011608.014,-477.725302,2059.495905,-6940.09809,ZPY15.xml,/Scenario/Satellite[81]
82,Debris82,99999,2030-11-14 08:00:00,2030-11-14 08:00:00,2030-11-15 08:00:00,2249498.285,6789461.611,2331200.908,60.214651,-3342.953518,6847.226804,ZPY15.xml,/Scenario/Satellite[82]
83,Debris83,99999,2030-11-14 08:00:00,2030-11-14 08:00:00,2030-11-15 08:00:00,-2024067.065,-5700307.836,-3876240.535,150.350682,4108.109493,-6180.808413,ZPY15.xml,/Scenario/Satellite[83]
84,Debris84,99999,2030-11-14 08:00:00,2030-11-14 08:00:00,2030-11-15 08:00:00,987691.7858,6038091.258,-3435826.799,1792.631713,3381.704202,6542.1015,ZPY15.xml,/Scenario/Satellite[84]
85,Debris85,99999,2030-11-14 08:00:00,2030-11-14 08:00:00,2030-11-15 08:00:00,1883246.219,6680306.153,1619965.003,561.780449,-2018.655431,7217.850047,ZPY15.xml,/Scenario/Satellite[85]
86,Debris86,99999,2030-11-14 08:00:00,2030-11-14 08:00:00,2030-11-15 08:00:00,150604.37,4395772.092,-6254051.011,1943.106842,5389.336638,4251.052033,ZPY15.xml,/Scenario/Satellite[86]
87,Debris87,99999,2030-11-14 08:00:00,2030-11-14 08:00:00,2030-11-15 08:00:00,-287014.2868,2695698.701,-6810218.776,2083.045584,6514.969048,2611.194982,ZPY15.xml,/Scenario/Satellite[87]
88,Debris88,99999,2030-11-14 08:00:00,2030-11-14 08:00:00,2030-11-15 08:00:00,-1176731.506,-6413209.697,3342385.531,-1798.638363,-3344.493195,-6364.27207,ZPY15.xml,/Scenario/Satellite[88]
89,Debris89,99999,2030-11-14 08:00:00,2030-11-14 08:00:00,2030-11-15 08:00:00,-1408752.446,-6917882.828,2271941.123,-1563.164033,-2250.961347,-6788.070057,ZPY15.xml,/Scenario/Satellite[89]
90,Debris90,99999,2030-11-14 08:00:00,2030-11-14 08:00:00,2030-11-15 08:00:00,1266429.666,1007558.809,6896295.279,-1616.390004,-7410.305565,1495.736175,ZPY15.xml,/Scenario/Satellite[90]
91,Debris91,99999,2030-11-14 08:00:00,2030-11-14 08:00:00,2030-11-15 08:00:00,-1928973.155,-4485898.185,-5301534.841,714.262344,5519.427275,-4870.943135,ZPY15.xml,/Scenario/Satellite[91]
92,Debris92,99999,2030-11-14 08:00:00,2030-11-14 08:00:00,2030-11-15 08:00:00,393503.8341,4563094.112,-5214861.878,2096.260926,5376.712778,5043.607053,ZPY15.xml,/Scenario/Satellite[92]
93,Debris93,99999,2030-11-14 08:00:00,2030-11-14 08:00:00,2030-11-15 08:00:00,1984755.42,5969002.563,3455651.181,-45.374198,-4013.655942,6432.797645,ZPY15.xml,/Scenario/Satellite[93]
94,Debris94,99999,2030-11-14 08:00:00,2030-11-14 08:00:00,2030-11-15 08:00:00,1469030.035,1910304.199,6652459.329,-1493.718286,-7012.44386,2399.440423,ZPY15.xml,/Scenario/Satellite[94]
95,Debris95,99999,2030-11-14 08:00:00,2030-11-14 08:00:00,2030-11-15 08:00:00,1712153.905,6764400.044,-338402.4612,1121.455814,107.9649,7524.595026,ZPY15.xml,/Scenario/Satellite[95]
96,Debris96,99999,2030-11-14 08:00:00,2030-11-14 08:00:00,2030-11-15 08:00:00,-1100907.691,-276591.115,-7053496.035,1726.65513,7236.944201,-482.361624,ZPY15.xml,/Scenario/Satellite[96]
97,Debris97,99999,2030-11-14 08:00:00,2030-11-14 08:00:00,2030-11-15 08:00:00,-2207712.347,-6145097.791,-4030411.982,114.251148,3743.25268,-5985.445377,ZPY15.xml,/Scenario/Satellite[97]
98,Debris98,99999,2030-11-14 08:00:00,2030-11-14 08:00:00,2030-11-15 08:00:00,1506859.027,6853930.664,-1070400.862,1271.16717,752.723299,7403.073905,ZPY15.xml,/Scenario/Satellite[98]
99,Debris99,99999,2030-11-14 08:00:00,2030-11-14 08:00:00,2030-11-15 08:00:00,-1809587.574,-7288726.245,615211.9558,-1189.479142,-597.714502,-7077.090042,ZPY15.xml,/Scenario/Satellite[99]
100,Debris100,99999,2030-11-14 08:00:00,2030-11-14 08:00:00,2030-11-15 08:00:00,1853679.039,3848741.936,5651121.633,-1009.673322,-6180.251597,4435.841674,ZPY15.xml,/Scenario/Satellite[100]
101,Debris101,99999,2030-11-14 08:00:00,2030-11-14 08:00:00,2030-11-15 08:00:00,286849.0683,4322178.144,-5621021.476,2094.619208,5629.708525,4489.683464,ZPY15.xml,/Scenario/Satellite[101]
102,Debris102,99999,2030-11-14 08:00:00,2030-11-14 08:00:00,2030-11-15 08:00:00,-1852181.358,-3336930.198,-6652795.709,1133.411974,6118.231183,-3331.859822,ZPY15.xml,/Scenario/Satellite[102]
103,Debris103,99999,2030-11-14 08:00:00,2030-11-14 08:00:00,2030-11-15 08:00:00,1513706.086,6808304.136,-1655188.938,1391.609334,1308.349756,7229.418462,ZPY15.xml,/Scenario/Satellite[103]
104,Debris104,99999,2030-11-14 08:00:00,2030-11-14 08:00:00,2030-11-15 08:00:00,-2131150.05,-6027044.905,-3793819.259,89.330561,3771.088226,-6169.272068,ZPY15.xml,/Scenario/Satellite[104]
105,Debris105,99999,2030-11-14 08:00:00,2030-11-14 08:00:00,2030-11-15 08:00:00,1230517.091,6633257.122,-2044224.661,1494.972986,1905.444227,7143.811836,ZPY15.xml,/Scenario/Satellite[105]
106,Debris106,99999,2030-11-14 08:00:00,2030-11-14 08:00:00,2030-11-15 08:00:00,56170.72967,3691489.527,-6073505.288,2109.60706,6109.343086,3782.081505,ZPY15.xml,/Scenario/Satellite[106]
107,Debris107,99999,2030-11-14 08:00:00,2030-11-14 08:00:00,2030-11-15 08:00:00,1819595.351,3842003.468,5662738.464,-934.445315,-6080.717991,4390.071234,ZPY15.xml,/Scenario/Satellite[107]
108,Debris108,99999,2030-11-14 08:00:00,2030-11-14 08:00:00,2030-11-15 08:00:00,842905.2726,-761636.4024,7199034.353,-1930.903021,-7266.436436,200.956258,ZPY15.xml,/Scenario/Satellite[108]
109,Debris109,99999,2030-11-14 08:00:00,2030-11-14 08:00:00,2030-11-15 08:00:00,503910.0543,4868194.483,-5056988.255,2055.318037,5088.631355,5200.076853,ZPY15.xml,/Scenario/Satellite[109]
110,Debris110,99999,2030-11-14 08:00:00,2030-11-14 08:00:00,2030-11-15 08:00:00,543294.7333,5087062.409,-5360607.598,1998.877726,4803.719851,5118.654568,ZPY15.xml,/Scenario/Satellite[110]
111,Debris111,99999,2030-11-14 08:00:00,2030-11-14 08:00:00,2030-11-15 08:00:00,-800526.6281,-5834858.157,4513116.125,-1866.5455,-4240.671598,-5503.131823,ZPY15.xml,/Scenario/Satellite[111]
112,Debris112,99999,2030-11-14 08:00:00,2030-11-14 08:00:00,2030-11-15 08:00:00,1555726.069,6860367.713,-685272.5038,1188.74667,366.657178,7478.203542,ZPY15.xml,/Scenario/Satellite[112]
113,Debris113,99999,2030-11-14 08:00:00,2030-11-14 08:00:00,2030-11-15 08:00:00,-1682364.192,-2911828.709,-6349179.456,1235.846219,6551.170497,-3250.834335,ZPY15.xml,/Scenario/Satellite[113]
114,Debris114,99999,2030-11-14 08:00:00,2030-11-14 08:00:00,2030-11-15 08:00:00,-452286.857,-4993700.559,5550708.234,-1969.497034,-5214.758472,-4454.240117,ZPY15.xml,/Scenario/Satellite[114]
115,Debris115,99999,2030-11-14 08:00:00,2030-11-14 08:00:00,2030-11-15 08:00:00,1644524.376,6827072.169,-931053.9368,1238.703305,597.053357,7438.485817,ZPY15.xml,/Scenario/Satellite[115]
116,Debris116,99999,2030-11-14 08:00:00,2030-11-14 08:00:00,2030-11-15 08:00:00,1671061.184,3656928.186,5819316.419,-763.181125,-6274.19558,4158.146695,ZPY15.xml,/Scenario/Satellite[116]
117,Debris117,99999,2030-11-14 08:00:00,2030-11-14 08:00:00,2030-11-15 08:00:00,-606941.6783,1827088.946,-7331632.998,1943.247307,6666.650811,1649.720548,ZPY15.xml,/Scenario/Satellite[117]
118,Debris118,99999,2030-11-14 08:00:00,2030-11-14 08:00:00,2030-11-15 08:00:00,-534060.07,1825749.895,-6862805.198,2037.658027,6976.002119,1755.925008,ZPY15.xml,/Scenario/Satellite[118]
119,Debris119,99999,2030-11-14 08:00:00,2030-11-14 08:00:00,2030-11-15 08:00:00,740748.6314,5499497.5,-4369797.969,1940.695242,4331.569361,5848.241874,ZPY15.xml,/Scenario/Satellite[119]
120,Debris120,99999,2030-11-14 08:00:00,2030-11-14 08:00:00,2030-11-15 08:00:00,1287918.689,1127143.852,6869750.823,-1592.106006,-7228.169948,1515.788059,ZPY15.xml,/Scenario/Satellite[120]
121,Debris121,99999,2030-11-14 08:00:00,2030-11-14 08:00:00,2030-11-15 08:00:00,-695064.6142,-5447374.403,4567668.77,-1959.263474,-4556.225799,-5597.692051,ZPY15.xml,/Scenario/Satellite[121]
122,Debris122,99999,2030-11-14 08:00:00,2030-11-14 08:00:00,2030-11-15 08:00:00,588257.5713,-2805487.31,6558818.887,-1476.808019,-7044.371302,-2592.150483,ZPY15.xml,/Scenario/Satellite[122]
123,Debris123,99999,2030-11-14 08:00:00,2030-11-14 08:00:00,2030-11-15 08:00:00,-531662.094,-5132692.411,5102728.114,-1981.817914,-5004.62713,-5021.119537,ZPY15.xml,/Scenario/Satellite[123]
124,Debris124,99999,2030-11-14 08:00:00,2030-11-14 08:00:00,2030-11-15 08:00:00,-1363109.991,-7063601.319,3047091.659,-1771.130064,-3320.462452,-6221.39197,ZPY15.xml,/Scenario/Satellite[124]
125,Debris125,99999,2030-11-14 08:00:00,2030-11-14 08:00:00,2030-11-15 08:00:00,-1557841.87,-2378933.535,-6590097.151,1317.918211,6816.53791,-2628.365305,ZPY15.xml,/Scenario/Satellite[125]
126,Debris126,99999,2030-11-14 08:00:00,2030-11-14 08:00:00,2030-11-15 08:00:00,-1012805.352,-6028594.708,3732275.039,-1850.669042,-3651.409673,-6232.86404,ZPY15.xml,/Scenario/Satellite[126]
127,Debris127,99999,2030-11-14 08:00:00,2030-11-14 08:00:00,2030-11-15 08:00:00,-1106904.567,-302585.9426,-7062019.545,1758.150892,7212.966723,-557.81323,ZPY15.xml,/Scenario/Satellite[127]
128,Debris128,99999,2030-11-14 08:00:00,2030-11-14 08:00:00,2030-11-15 08:00:00,1423367.798,1710576.443,6718927.39,-1534.306528,-7145.92525,2147.278589,ZPY15.xml,/Scenario/Satellite[128]
129,Debris129,99999,2030-11-14 08:00:00,2030-11-14 08:00:00,2030-11-15 08:00:00,-942514.2781,485821.0281,-7260815.529,1826.374569,7073.037447,403.294716,ZPY15.xml,/Scenario/Satellite[129]
130,Debris130,99999,2030-11-14 08:00:00,2030-11-14 08:00:00,2030-11-15 08:00:00,-619318.9245,1531460.542,-6947012.489,2010.367889,7043.029458,1400.907953,ZPY15.xml,/Scenario/Satellite[130]
131,Debris131,99999,2030-11-14 08:00:00,2030-11-14 08:00:00,2030-11-15 08:00:00,-1381382.522,-974408.7306,-7699769.241,1603.701496,6651.757086,-1028.306943,ZPY15.xml,/Scenario/Satellite[131]
132,Debris132,99999,2030-11-14 08:00:00,2030-11-14 08:00:00,2030-11-15 08:00:00,-271803.6812,-4702342.396,5628904.186,-1952.819657,-5572.210657,-4360.173765,ZPY15.xml,/Scenario/Satellite[132]
133,Debris133,99999,2030-11-14 08:00:00,2030-11-14 08:00:00,2030-11-15 08:00:00,-1992393.008,-4932259.011,-4867064.962,548.576963,5086.894785,-5338.487341,ZPY15.xml,/Scenario/Satellite[133]
134,Debris134,99999,2030-11-14 08:00:00,2030-11-14 08:00:00,2030-11-15 08:00:00,-1586898.552,-2056222.443,-7192856.721,1410.402433,6596.821237,-2142.307141,ZPY15.xml,/Scenario/Satellite[134]
135,Debris135,99999,2030-11-14 08:00:00,2030-11-14 08:00:00,2030-11-15 08:00:00,-1008221.595,-5993887.151,3788815.049,-1866.047692,-3707.051992,-6195.537936,ZPY15.xml,/Scenario/Satellite[135]
136,Debris136,99999,2030-11-14 08:00:00,2030-11-14 08:00:00,2030-11-15 08:00:00,351790.5444,-2447455.908,6667474.324,-2076.922794,-6843.168969,-2315.996083,ZPY15.xml,/Scenario/Satellite[136]
137,Debris137,99999,2030-11-14 08:00:00,2030-11-14 08:00:00,2030-11-15 08:00:00,1535248.274,2268508.993,6521848.79,-1380.130983,-6963.260864,2777.53648,ZPY15.xml,/Scenario/Satellite[137]
138,Debris138,99999,2030-11-14 08:00:00,2030-11-14 08:00:00,2030-11-15 08:00:00,150742.7497,-3912605.241,6315308.977,-1762.782186,-6211.895764,-3296.819127,ZPY15.xml,/Scenario/Satellite[138]
139,Debris139,99999,2030-11-14 08:00:00,2030-11-14 08:00:00,2030-11-15 08:00:00,-565819.2726,-5049702.41,5093413.496,-2066.152415,-5129.806325,-5046.761918,ZPY15.xml,/Scenario/Satellite[139]
140,Debris140,99999,2030-11-14 08:00:00,2030-11-14 08:00:00,2030-11-15 08:00:00,1253249.266,933030.427,6913773.628,-1720.053122,-7270.054308,1427.547536,ZPY15.xml,/Scenario/Satellite[140]
141,Debris141,99999,2030-11-14 08:00:00,2030-11-14 08:00:00,2030-11-15 08:00:00,680641.9268,5419099.446,-4535470.86,1942.870894,4478.375626,5686.048903,ZPY15.xml,/Scenario/Satellite[141]
142,Debris142,99999,2030-11-14 08:00:00,2030-11-14 08:00:00,2030-11-15 08:00:00,348571.5287,-2655137.059,6744593.555,-1960.069467,-6736.67313,-2242.209714,ZPY15.xml,/Scenario/Satellite[142]
143,Debris143,99999,2030-11-14 08:00:00,2030-11-14 08:00:00,2030-11-15 08:00:00,-823979.3961,815514.6719,-7015991.113,1897.325753,7207.698011,728.32293,ZPY15.xml,/Scenario/Satellite[143]
144,Debris144,99999,2030-11-14 08:00:00,2030-11-14 08:00:00,2030-11-15 08:00:00,1181069.261,6641359.728,-4001681.992,1663.58065,2798.205201,6281.579377,ZPY15.xml,/Scenario/Satellite[144]
145,Debris145,99999,2030-11-14 08:00:00,2030-11-14 08:00:00,2030-11-15 08:00:00,-83638.44617,-4008330.798,6166283.751,-2001.72234,-5996.005451,-3576.747012,ZPY15.xml,/Scenario/Satellite[145]
146,Debris146,99999,2030-11-14 08:00:00,2030-11-14 08:00:00,2030-11-15 08:00:00,1668980.581,6809574.757,-612960.1433,1181.769289,378.898513,7450.747729,ZPY15.xml,/Scenario/Satellite[146]
147,Debris147,99999,2030-11-14 08:00:00,2030-11-14 08:00:00,2030-11-15 08:00:00,1681648.595,3011596.234,6156680.059,-1181.434606,-6551.957752,3627.262804,ZPY15.xml,/Scenario/Satellite[147]
148,Debris148,99999,2030-11-14 08:00:00,2030-11-14 08:00:00,2030-11-15 08:00:00,-150903.7838,3110909.37,-6624087.489,2098.757739,6325.720063,3053.585025,ZPY15.xml,/Scenario/Satellite[148]
149,Debris149,99999,2030-11-14 08:00:00,2030-11-14 08:00:00,2030-11-15 08:00:00,-413133.6597,-5556200.719,4670180.74,-1744.8621,-4627.721948,-5433.126295,ZPY15.xml,/Scenario/Satellite[149]
150,Debris150,99999,2030-11-14 08:00:00,2030-11-14 08:00:00,2030-11-15 08:00:00,746293.69,5460640.551,-4725308.226,1969.23277,4396.328209,5601.382278,ZPY15.xml,/Scenario/Satellite[150]
151,Debris151,99999,2030-11-14 08:00:00,2030-11-14 08:00:00,2030-11-15 08:00:00,-1995953.912,-5886790.429,-3624009.906,33.828259,3856.548085,-6329.726568,ZPY15.xml,/Scenario/Satellite[151]
152,Debris152,99999,2030-11-14 08:00:00,2030-11-14 08:00:00,2030-11-15 08:00:00,-1472207.062,-1722784.674,-7036616.973,1511.502803,6865.940309,-1827.624574,ZPY15.xml,/Scenario/Satellite[152]
153,Debris153,99999,2030-11-14 08:00:00,2030-11-14 08:00:00,2030-11-15 08:00:00,-1342801.94,-994197.182,-7431728.641,1610.817012,6841.948444,-1036.632883,ZPY15.xml,/Scenario/Satellite[153]
154,Debris154,99999,2030-11-14 08:00:00,2030-11-14 08:00:00,2030-11-15 08:00:00,-2123301.801,-6627879.665,-2648138.46,-274.903424,2673.441482,-6701.292449,ZPY15.xml,/Scenario/Satellite[154]
155,Debris155,99999,2030-11-14 08:00:00,2030-11-14 08:00:00,2030-11-15 08:00:00,-2042721.014,-5555674.87,-4193404.212,283.612776,4416.002601,-5868.335524,ZPY15.xml,/Scenario/Satellite[155]
156,Debris156,99999,2030-11-14 08:00:00,2030-11-14 08:00:00,2030-11-15 08:00:00,-886778.5231,-5827309.602,4122214.748,-1897.032142,-4036.356783,-5937.391425,ZPY15.xml,/Scenario/Satellite[156]
157,Debris157,99999,2030-11-14 08:00:00,2030-11-14 08:00:00,2030-11-15 08:00:00,1795161.215,7013641.985,-304982.5217,1014.041532,-278.812805,7443.106078,ZPY15.xml,/Scenario/Satellite[157]
158,Debris158,99999,2030-11-14 08:00:00,2030-11-14 08:00:00,2030-11-15 08:00:00,-140616.8175,-4004904.35,5940498.386,-2082.580299,-5982.442114,-3935.611806,ZPY15.xml,/Scenario/Satellite[158]
159,Debris159,99999,2030-11-14 08:00:00,2030-11-14 08:00:00,2030-11-15 08:00:00,-2016289.294,-5896375.4,-3681910.525,67.101727,3909.787663,-6244.052322,ZPY15.xml,/Scenario/Satellite[159]
160,Debris160,99999,2030-11-14 08:00:00,2030-11-14 08:00:00,2030-11-15 08:00:00,-153376.0039,3738486.224,-6201417.154,1834.00727,6071.135397,3828.845358,ZPY15.xml,/Scenario/Satellite[160]
161,Debris161,99999,2030-11-14 08:00:00,2030-11-14 08:00:00,2030-11-15 08:00:00,-1755000.245,-3316809.555,-6122479.885,1107.344858,6323.323137,-3724.965552,ZPY15.xml,/Scenario/Satellite[161]
162,Debris162,99999,2030-11-14 08:00:00,2030-11-14 08:00:00,2030-11-15 08:00:00,-2159150.187,-6966451.347,-2382882.8,-397.541959,2230.549769,-6690.355975,ZPY15.xml,/Scenario/Satellite[162]
163,Debris163,99999,2030-11-14 08:00:00,2030-11-14 08:00:00,2030-11-15 08:00:00,421995.0827,4762201.261,-5334004.188,2037.808726,5153.498399,5036.391958,ZPY15.xml,/Scenario/Satellite[163]
164,Debris164,99999,2030-11-14 08:00:00,2030-11-14 08:00:00,2030-11-15 08:00:00,-1946536.569,-7062554.569,-962375.6674,-781.677853,1037.276798,-7163.569419,ZPY15.xml,/Scenario/Satellite[164]
165,Debris165,99999,2030-11-14 08:00:00,2030-11-14 08:00:00,2030-11-15 08:00:00,-328953.9794,2505497.528,-6665894.545,2085.14932,6734.564497,2463.96879,ZPY15.xml,/Scenario/Satellite[165]
166,Debris166,99999,2030-11-14 08:00:00,2030-11-14 08:00:00,2030-11-15 08:00:00,87833.69269,-3366777.441,6286031.926,-2068.311998,-6407.118465,-3292.211881,ZPY15.xml,/Scenario/Satellite[166]
167,Debris167,99999,2030-11-14 08:00:00,2030-11-14 08:00:00,2030-11-15 08:00:00,-1625875.045,-2806351.323,-6937611.614,922.924097,6435.535125,-2774.182797,ZPY15.xml,/Scenario/Satellite[167]
168,Debris168,99999,2030-11-14 08:00:00,2030-11-14 08:00:00,2030-11-15 08:00:00,-500229.4167,1847315.475,-6758425.675,2114.259327,7005.002015,1974.342148,ZPY15.xml,/Scenario/Satellite[168]
169,Debris169,99999,2030-11-14 08:00:00,2030-11-14 08:00:00,2030-11-15 08:00:00,1121005.378,6178059.333,-2985057.648,1740.179771,2942.25441,6841.613741,ZPY15.xml,/Scenario/Satellite[169]
170,Debris170,99999,2030-11-14 08:00:00,2030-11-14 08:00:00,2030-11-15 08:00:00,-456407.1805,3329395.028,-9432205.742,1748.361408,5003.279647,2415.517525,ZPY15.xml,/Scenario/Satellite[170]
171,Debris171,99999,2030-11-14 08:00:00,2030-11-14 08:00:00,2030-11-15 08:00:00,-18832.03523,3597709.209,-6357437.955,2061.353051,6074.794452,3578.030795,ZPY15.xml,/Scenario/Satellite[171]
172,Debris172,99999,2030-11-14 08:00:00,2030-11-14 08:00:00,2030-11-15 08:00:00,-2048593.185,-5627669.265,-4025239.538,226.424727,4250.860452,-6040.557281,ZPY15.xml,/Scenario/Satellite[172]
173,Debris173,99999,2030-11-14 08:00:00,2030-11-14 08:00:00,2030-11-15 08:00:00,421738.7454,4618329.496,-5313015.353,2094.674859,5342.201927,4899.254097,ZPY15.xml,/Scenario/Satellite[173]
174,Debris174,99999,2030-11-14 08:00:00,2030-11-14 08:00:00,2030-11-15 08:00:00,-1012915.644,-6180901.654,3873457.188,-1804.504129,-3636.344879,-6005.79096,ZPY15.xml,/Scenario/Satellite[174]
175,Debris175,99999,2030-11-14 08:00:00,2030-11-14 08:00:00,2030-11-15 08:00:00,-62708.9131,-4007076.806,6001997.167,-1987.366368,-6015.083742,-3833.569293,ZPY15.xml,/Scenario/Satellite[175]
176,Debris176,99999,2030-11-14 08:00:00,2030-11-14 08:00:00,2030-11-15 08:00:00,1942378.462,4962339.608,4710045.516,-517.223254,-5267.56348,5519.129668,ZPY15.xml,/Scenario/Satellite[176]
177,Debris177,99999,2030-11-14 08:00:00,2030-11-14 08:00:00,2030-11-15 08:00:00,-1305836.997,-1139252.598,-6946121.756,1637.242828,7117.950837,-1424.973086,ZPY15.xml,/Scenario/Satellite[177]
178,Debris178,99999,2030-11-14 08:00:00,2030-11-14 08:00:00,2030-11-15 08:00:00,-1781018.476,-6978784.19,88264.55066,-1039.91287,113.01226,-7335.186698,ZPY15.xml,/Scenario/Satellite[178]
179,Debris179,99999,2030-11-14 08:00:00,2030-11-14 08:00:00,2030-11-15 08:00:00,162786.5994,-3347497.676,6382252.19,-1959.474365,-6436.261828,-3115.229579,ZPY15.xml,/Scenario/Satellite[179]
180,Debris180,99999,2030-11-14 08:00:00,2030-11-14 08:00:00,2030-11-15 08:00:00,695434.6255,-1220649.384,6973396.329,-2057.244158,-7298.059756,-910.391581,ZPY15.xml,/Scenario/Satellite[180]
181,Debris181,99999,2030-11-14 08:00:00,2030-11-14 08:00:00,2030-11-15 08:00:00,684292.0718,-1271126.659,6980751.263,-2050.756693,-7281.824927,-925.170852,ZPY15.xml,/Scenario/Satellite[181]
182,Debris182,99999,2030-11-14 08:00:00,2030-11-14 08:00:00,2030-11-15 08:00:00,661149.1231,-1430892.162,6980546.5,-2109.299301,-7615.912536,-933.929062,ZPY15.xml,/Scenario/Satellite[182]
183,Debris183,99999,2030-11-14 08:00:00,2030-11-14 08:00:00,2030-11-15 08:00:00,1991595.941,5137011.205,4477081.418,-457.944722,-4968.012293,5734.041077,ZPY15.xml,/Scenario/Satellite[183]
184,Debris184,99999,2030-11-14 08:00:00,2030-11-14 08:00:00,2030-11-15 08:00:00,-1949397.012,-7555064.373,687698.143,-1233.4896,-844.61649,-6889.372255,ZPY15.xml,/Scenario/Satellite[184]
185,Debris185,99999,2030-11-14 08:00:00,2030-11-14 08:00:00,2030-11-15 08:00:00,1182485.539,611170.3918,6973961.391,-1798.595226,-7465.825013,1206.714418,ZPY15.xml,/Scenario/Satellite[185]
186,Debris186,99999,2030-11-14 08:00:00,2030-11-14 08:00:00,2030-11-15 08:00:00,-1091069.608,-179195.2435,-7174375.993,1869.071481,7155.610988,-40.769758,ZPY15.xml,/Scenario/Satellite[186]
187,Debris187,99999,2030-11-14 08:00:00,2030-11-14 08:00:00,2030-11-15 08:00:00,-943394.0024,-6061897.8,3651179.047,-1805.296173,-3608.046839,-6300.040792,ZPY15.xml,/Scenario/Satellite[187]
188,Debris188,99999,2030-11-14 08:00:00,2030-11-14 08:00:00,2030-11-15 08:00:00,-2115904.544,-6518797.283,-2864088.887,-216.585691,2881.135246,-6636.68562,ZPY15.xml,/Scenario/Satellite[188]
189,Debris189,99999,2030-11-14 08:00:00,2030-11-14 08:00:00,2030-11-15 08:00:00,1158756.753,6229041.866,-3060829.97,1740.756515,2951.826529,6736.696663,ZPY15.xml,/Scenario/Satellite[189]
190,Debris190,99999,2030-11-14 08:00:00,2030-11-14 08:00:00,2030-11-15 08:00:00,-701719.0303,-5404704.931,4713433.377,-2009.557291,-4730.38691,-5427.742134,ZPY15.xml,/Scenario/Satellite[190]
191,Debris191,99999,2030-11-14 08:00:00,2030-11-14 08:00:00,2030-11-15 08:00:00,1882986.866,4263761.58,5331469.999,-788.910871,-5754.271084,4835.795586,ZPY15.xml,/Scenario/Satellite[191]
192,Debris192,99999,2030-11-14 08:00:00,2030-11-14 08:00:00,2030-11-15 08:00:00,-2159100.307,-6078958.611,-4035683.739,85.140617,3757.743456,-6049.981619,ZPY15.xml,/Scenario/Satellite[192]
193,Debris193,99999,2030-11-14 08:00:00,2030-11-14 08:00:00,2030-11-15 08:00:00,-2032454.992,-7204146.733,-1211252.67,-735.498974,1133.938212,-7023.536757,ZPY15.xml,/Scenario/Satellite[193]
194,Debris194,99999,2030-11-14 08:00:00,2030-11-14 08:00:00,2030-11-15 08:00:00,1423268.806,6914945.437,-1413480.993,1312.900074,973.990389,7324.513126,ZPY15.xml,/Scenario/Satellite[194]
195,Debris195,99999,2030-11-14 08:00:00,2030-11-14 08:00:00,2030-11-15 08:00:00,-2060739.801,-7592723.321,-373343.7482,-988.575431,100.718628,-6937.483826,ZPY15.xml,/Scenario/Satellite[195]
196,Debris196,99999,2030-11-14 08:00:00,2030-11-14 08:00:00,2030-11-15 08:00:00,-1019077.558,846063.9713,-8545050.157,1775.80992,6172.905641,669.024652,ZPY15.xml,/Scenario/Satellite[196]
197,Debris197,99999,2030-11-14 08:00:00,2030-11-14 08:00:00,2030-11-15 08:00:00,-1266955.809,-6619837.106,3020323.864,-1721.647731,-2991.087447,-6491.505881,ZPY15.xml,/Scenario/Satellite[197]
198,Debris198,99999,2030-11-14 08:00:00,2030-11-14 08:00:00,2030-11-15 08:00:00,1454432.65,6746275.708,-1929984.807,1434.150598,1400.36342,7331.063178,ZPY15.xml,/Scenario/Satellite[198]
199,Debris199,99999,2030-11-14 08:00:00,2030-11-14 08:00:00,2030-11-15 08:00:00,423580.8906,-2133385.438,6778010.22,-2129.545122,-7002.692894,-1932.967428,ZPY15.xml,/Scenario/Satellite[199]
200,Debris200,99999,2030-11-14 08:00:00,2030-11-14 08:00:00,2030-11-15 08:00:00,-1386638.013,-1177441.24,-7412411.782,1557.994026,6799.091624,-1276.000799,ZPY15.xml,/Scenario/Satellite[200]
201,Debris201,99999,2030-11-14 08:00:00,2030-11-14 08:00:00,2030-11-15 08:00:00,214785.6206,5040466.937,-7424817.918,1793.920449,4525.80535,4170.453671,ZPY15.xml,/Scenario/Satellite[201]
202,Debris202,99999,2030-11-14 08:00:00,2030-11-14 08:00:00,2030-11-15 08:00:00,1943771.765,5045649.588,4563346.596,-447.252372,-5063.950841,5683.566735,ZPY15.xml,/Scenario/Satellite[202]
203,Debris203,99999,2030-11-14 08:00:00,2030-11-14 08:00:00,2030-11-15 08:00:00,-1071342.306,-6482521.341,2832758.958,-1631.913827,-2763.441951,-6737.984786,ZPY15.xml,/Scenario/Satellite[203]
204,Debris204,99999,2030-11-14 08:00:00,2030-11-14 08:00:00,2030-11-15 08:00:00,866558.4139,-595405.3091,7025423.617,-1964.365852,-7324.504516,-257.63544,ZPY15.xml,/Scenario/Satellite[204]
205,Debris205,99999,2030-11-14 08:00:00,2030-11-14 08:00:00,2030-11-15 08:00:00,1291135.257,1098730.281,6876241.02,-1690.030632,-7257.575518,1555.525733,ZPY15.xml,/Scenario/Satellite[205]
206,Debris206,99999,2030-11-14 08:00:00,2030-11-14 08:00:00,2030-11-15 08:00:00,369076.1063,-2347776.4,6729289.062,-2097.079123,-6862.352187,-2149.174678,ZPY15.xml,/Scenario/Satellite[206]
207,Debris207,99999,2030-11-14 08:00:00,2030-11-14 08:00:00,2030-11-15 08:00:00,1567018.186,6739549.293,-1289216.768,1350.400455,1083.027753,7352.698797,ZPY15.xml,/Scenario/Satellite[207]
208,Debris208,99999,2030-11-14 08:00:00,2030-11-14 08:00:00,2030-11-15 08:00:00,-732184.2409,1112529.374,-7017336.73,1985.94614,7122.985031,952.132726,ZPY15.xml,/Scenario/Satellite[208]
209,Debris209,99999,2030-11-14 08:00:00,2030-11-14 08:00:00,2030-11-15 08:00:00,-809244.5973,942791.0766,-7266713.246,1944.586591,6976.384007,753.58539,ZPY15.xml,/Scenario/Satellite[209]
210,Debris210,99999,2030-11-14 08:00:00,2030-11-14 08:00:00,2030-11-15 08:00:00,-721790.0634,1393689.497,-7406784.167,1933.58474,6764.032114,1257.607142,ZPY15.xml,/Scenario/Satellite[210]
211,Debris211,99999,2030-11-14 08:00:00,2030-11-14 08:00:00,2030-11-15 08:00:00,-1485564.278,-6781368.262,1952031.021,-1486.754478,-1779.086663,-7030.825506,ZPY15.xml,/Scenario/Satellite[211]
212,Debris212,99999,2030-11-14 08:00:00,2030-11-14 08:00:00,2030-11-15 08:00:00,1750089.635,4687378.823,5032074.281,-413.576311,-5617.290015,5195.558706,ZPY15.xml,/Scenario/Satellite[212]
213,Debris213,99999,2030-11-14 08:00:00,2030-11-14 08:00:00,2030-11-15 08:00:00,1110104.759,6241014.692,-3123778.523,1730.104925,3005.906294,6679.353363,ZPY15.xml,/Scenario/Satellite[213]
214,Debris214,99999,2030-11-14 08:00:00,2030-11-14 08:00:00,2030-11-15 08:00:00,-118359.4319,-3834677.649,6052331.95,-2130.701636,-6084.897775,-3748.716977,ZPY15.xml,/Scenario/Satellite[214]
215,Debris215,99999,2030-11-14 08:00:00,2030-11-14 08:00:00,2030-11-15 08:00:00,-1966044.774,-5197686.187,-4556082.358,370.039854,4788.085893,-5656.505993,ZPY15.xml,/Scenario/Satellite[215]
216,Debris216,99999,2030-11-14 08:00:00,2030-11-14 08:00:00,2030-11-15 08:00:00,-1895623.737,-4749670.377,-5079496.562,533.433886,5311.065631,-5119.784672,ZPY15.xml,/Scenario/Satellite[216]
217,Debris217,99999,2030-11-14 08:00:00,2030-11-14 08:00:00,2030-11-15 08:00:00,2004724.784,5403290.931,4077522.105,-303.231123,-4578.057607,6111.957716,ZPY15.xml,/Scenario/Satellite[217]
218,Debris218,99999,2030-11-14 08:00:00,2030-11-14 08:00:00,2030-11-15 08:00:00,1430140.282,5021920.605,4719008.778,131.753729,-5338.406917,5580.265434,ZPY15.xml,/Scenario/Satellite[218]
219,Debris219,99999,2030-11-14 08:00:00,2030-11-14 08:00:00,2030-11-15 08:00:00,-2271687.721,-6376192.034,-4144538.387,81.742159,3596.382584,-5863.542423,ZPY15.xml,/Scenario/Satellite[219]
220,Debris220,99999,2030-11-14 08:00:00,2030-11-14 08:00:00,2030-11-15 08:00:00,-1472061.967,-6750569.512,1893650.206,-1484.674326,-1746.605317,-7091.223462,ZPY15.xml,/Scenario/Satellite[220]
221,Debris221,99999,2030-11-14 08:00:00,2030-11-14 08:00:00,2030-11-15 08:00:00,145931.1294,-3045762.366,6457080.747,-2152.884207,-6624.436347,-2901.667218,ZPY15.xml,/Scenario/Satellite[221]
222,Debris222,99999,2030-11-14 08:00:00,2030-11-14 08:00:00,2030-11-15 08:00:00,-1645454.847,-6934398.369,860889.4156,-1239.506953,-684.095007,-7299.697273,ZPY15.xml,/Scenario/Satellite[222]
223,Debris223,99999,2030-11-14 08:00:00,2030-11-14 08:00:00,2030-11-15 08:00:00,-1138811.027,-440580.505,-7035291.781,1713.285649,7232.74376,-632.297238,ZPY15.xml,/Scenario/Satellite[223]
224,Debris224,99999,2030-11-14 08:00:00,2030-11-14 08:00:00,2030-11-15 08:00:00,952586.127,6115876.7,-4576805.151,1808.892424,3554.580812,5928.841999,ZPY15.xml,/Scenario/Satellite[224]
225,Debris225,99999,2030-11-14 08:00:00,2030-11-14 08:00:00,2030-11-15 08:00:00,-63669.07507,3279730.134,-6294959.882,2138.535615,6356.073477,3355.460059,ZPY15.xml,/Scenario/Satellite[225]
226,Debris226,99999,2030-11-14 08:00:00,2030-11-14 08:00:00,2030-11-15 08:00:00,-178238.428,-4162583.601,5832342.158,-2058.302265,-5872.394397,-4106.283607,ZPY15.xml,/Scenario/Satellite[226]
227,Debris227,99999,2030-11-14 08:00:00,2030-11-14 08:00:00,2030-11-15 08:00:00,1941249.462,4220334.86,5449481.599,-1010.247658,-6274.774807,4689.815196,ZPY15.xml,/Scenario/Satellite[227]
228,Debris228,99999,2030-11-14 08:00:00,2030-11-14 08:00:00,2030-11-15 08:00:00,306626.7694,-2618991.469,6695063.839,-2065.371754,-6745.67275,-2327.400121,ZPY15.xml,/Scenario/Satellite[228]
229,Debris229,99999,2030-11-14 08:00:00,2030-11-14 08:00:00,2030-11-15 08:00:00,365496.6923,-2353852.441,6765938.554,-2118.434625,-6908.873934,-2057.121025,ZPY15.xml,/Scenario/Satellite[229]
230,Debris230,99999,2030-11-14 08:00:00,2030-11-14 08:00:00,2030-11-15 08:00:00,-277814.332,2635798.365,-6619981.599,2111.583884,6672.664612,2599.183382,ZPY15.xml,/Scenario/Satellite[230]
231,Debris231,99999,2030-11-14 08:00:00,2030-11-14 08:00:00,2030-11-15 08:00:00,-1637930.926,-6953511.656,1016095.827,-1267.720372,-826.658626,-7240.988494,ZPY15.xml,/Scenario/Satellite[231]
232,Debris232,99999,2030-11-14 08:00:00,2030-11-14 08:00:00,2030-11-15 08:00:00,-468742.0486,2311150.29,-7195280.297,1966.809063,6530.552744,2128.706557,ZPY15.xml,/Scenario/Satellite[232]
233,Debris233,99999,2030-11-14 08:00:00,2030-11-14 08:00:00,2030-11-15 08:00:00,2043277.906,5416487.579,4147900.362,-372.937371,-4701.672589,6007.798212,ZPY15.xml,/Scenario/Satellite[233]
234,Debris234,99999,2030-11-14 08:00:00,2030-11-14 08:00:00,2030-11-15 08:00:00,-1857530.986,-3828231.799,-6091283.871,920.123066,5959.838311,-3988.11151,ZPY15.xml,/Scenario/Satellite[234]
235,Debris235,99999,2030-11-14 08:00:00,2030-11-14 08:00:00,2030-11-15 08:00:00,-1463050.992,-1670943.91,-7058731.551,1499.943304,6840.5262,-1904.121815,ZPY15.xml,/Scenario/Satellite[235]
236,Debris236,99999,2030-11-14 08:00:00,2030-11-14 08:00:00,2030-11-15 08:00:00,-422089.8508,2405182.505,-6695773.187,1948.427161,6812.933546,2364.107682,ZPY15.xml,/Scenario/Satellite[236]
237,Debris237,99999,2030-11-14 08:00:00,2030-11-14 08:00:00,2030-11-15 08:00:00,362811.7342,-2344875.233,6696555.534,-2114.738512,-6872.415985,-2216.273199,ZPY15.xml,/Scenario/Satellite[237]
238,Debris238,99999,2030-11-14 08:00:00,2030-11-14 08:00:00,2030-11-15 08:00:00,1995907.833,6163787.917,2776983.669,190.518304,-3123.568221,6856.611798,ZPY15.xml,/Scenario/Satellite[238]
239,Debris239,99999,2030-11-14 08:00:00,2030-11-14 08:00:00,2030-11-15 08:00:00,-658258.5373,1404912.257,-6970979.686,1988.017164,7074.18513,1265.665338,ZPY15.xml,/Scenario/Satellite[239]
240,Debris240,99999,2030-11-14 08:00:00,2030-11-14 08:00:00,2030-11-15 08:00:00,-239407.7193,3534410.766,-8308102.888,1877.707816,5303.025784,2825.241524,ZPY15.xml,/Scenario/Satellite[240]
241,Debris241,99999,2030-11-14 08:00:00,2030-11-14 08:00:00,2030-11-15 08:00:00,1059465.163,6082983.039,-3426889.431,1800.249233,3322.027424,6515.633408,ZPY15.xml,/Scenario/Satellite[241]
242,Debris242,99999,2030-11-14 08:00:00,2030-11-14 08:00:00,2030-11-15 08:00:00,1928431.377,6159325.831,2980165.487,165.522209,-3400.532641,6719.775091,ZPY15.xml,/Scenario/Satellite[242]
243,Debris243,99999,2030-11-14 08:00:00,2030-11-14 08:00:00,2030-11-15 08:00:00,-1932349.992,-4425182.828,-5357246.123,754.982251,5572.25774,-4796.613338,ZPY15.xml,/Scenario/Satellite[243]
244,Debris244,99999,2030-11-14 08:00:00,2030-11-14 08:00:00,2030-11-15 08:00:00,-1869676.772,-1847306.737,-9300043.295,1375.790064,5636.320756,-1123.881921,ZPY15.xml,/Scenario/Satellite[244]
245,Debris245,99999,2030-11-14 08:00:00,2030-11-14 08:00:00,2030-11-15 08:00:00,-1865915.951,-7332967.02,581911.4749,-1215.123158,-685.418665,-7077.425772,ZPY15.xml,/Scenario/Satellite[245]
246,Debris246,99999,2030-11-14 08:00:00,2030-11-14 08:00:00,2030-11-15 08:00:00,-2111624.496,-7064145.039,-1600722.855,-621.084626,1499.78101,-7003.240442,ZPY15.xml,/Scenario/Satellite[246]
247,Debris247,99999,2030-11-14 08:00:00,2030-11-14 08:00:00,2030-11-15 08:00:00,-2036795.464,-6601983.899,-2551263.297,-348.631561,2581.338444,-6821.813653,ZPY15.xml,/Scenario/Satellite[247]
248,Debris248,99999,2030-11-14 08:00:00,2030-11-14 08:00:00,2030-11-15 08:00:00,-622070.4958,-5509755.736,4659882.872,-1916.905355,-4675.47522,-5456.023418,ZPY15.xml,/Scenario/Satellite[248]
249,Debris249,99999,2030-11-14 08:00:00,2030-11-14 08:00:00,2030-11-15 08:00:00,-1829874.769,-7024652.676,-905704.5479,-778.798015,1132.358717,-7161.269484,ZPY15.xml,/Scenario/Satellite[249]
250,Debris250,99999,2030-11-14 08:00:00,2030-11-14 08:00:00,2030-11-15 08:00:00,-1991953.142,-6763706.455,-1600935.624,-561.85059,1826.231348,-7126.886592,ZPY15.xml,/Scenario/Satellite[250]
251,Debris251,99999,2030-11-14 08:00:00,2030-11-14 08:00:00,2030-11-15 08:00:00,-1116000.862,-6328466.741,3352557.463,-1746.671307,-3200.068433,-6402.076984,ZPY15.xml,/Scenario/Satellite[251]
252,Debris252,99999,2030-11-14 08:00:00,2030-11-14 08:00:00,2030-11-15 08:00:00,975904.0424,6001636.573,-3630288.56,1817.236408,3529.523462,6376.343929,ZPY15.xml,/Scenario/Satellite[252]
253,Debris253,99999,2030-11-14 08:00:00,2030-11-14 08:00:00,2030-11-15 08:00:00,-1509990.843,-7147078.395,1897597.277,-1493.436084,-1952.504776,-6826.402946,ZPY15.xml,/Scenario/Satellite[253]
254,Debris254,99999,2030-11-14 08:00:00,2030-11-14 08:00:00,2030-11-15 08:00:00,-1992499.593,-4899727.904,-4971614.441,593.757859,5191.396611,-5159.121162,ZPY15.xml,/Scenario/Satellite[254]
255,Debris255,99999,2030-11-14 08:00:00,2030-11-14 08:00:00,2030-11-15 08:00:00,-1406487.749,-2426713.294,-7386889.779,257.184558,6531.48358,-2224.841237,ZPY15.xml,/Scenario/Satellite[255]
256,Debris256,99999,2030-11-14 08:00:00,2030-11-14 08:00:00,2030-11-15 08:00:00,-1868338.602,-4508871.566,-5330340.18,632.652319,5562.624635,-4801.416251,ZPY15.xml,/Scenario/Satellite[256]
257,Debris257,99999,2030-11-14 08:00:00,2030-11-14 08:00:00,2030-11-15 08:00:00,499842.719,5059729.433,-4957064.773,1972.411884,4936.063659,5281.360478,ZPY15.xml,/Scenario/Satellite[257]
258,Debris258,99999,2030-11-14 08:00:00,2030-11-14 08:00:00,2030-11-15 08:00:00,-1811492.429,-4199469.152,-5831893.918,640.105528,5737.535756,-4385.337532,ZPY15.xml,/Scenario/Satellite[258]
259,Debris259,99999,2030-11-14 08:00:00,2030-11-14 08:00:00,2030-11-15 08:00:00,-972212.4993,-5949185.247,4217241.666,-1953.216896,-4176.575369,-5765.668399,ZPY15.xml,/Scenario/Satellite[259]
260,Debris260,99999,2030-11-14 08:00:00,2030-11-14 08:00:00,2030-11-15 08:00:00,-206219.8256,3956802.803,-8652039.81,1785.98497,4942.852526,3073.895222,ZPY15.xml,/Scenario/Satellite[260]
261,Debris261,99999,2030-11-14 08:00:00,2030-11-14 08:00:00,2030-11-15 08:00:00,40375.37666,-3375296.534,6255155.366,-2135.593163,-6383.512283,-3350.875445,ZPY15.xml,/Scenario/Satellite[261]
262,Debris262,99999,2030-11-14 08:00:00,2030-11-14 08:00:00,2030-11-15 08:00:00,-2055065.484,-6652616.144,-2593355.373,-326.873621,2620.011564,-6737.772369,ZPY15.xml,/Scenario/Satellite[262]
263,Debris263,99999,2030-11-14 08:00:00,2030-11-14 08:00:00,2030-11-15 08:00:00,-2035540.977,-5654316.23,-3969461.667,194.149106,4197.902408,-6096.187723,ZPY15.xml,/Scenario/Satellite[263]
264,Debris264,99999,2030-11-14 08:00:00,2030-11-14 08:00:00,2030-11-15 08:00:00,1213004.433,6304859.381,-2680253.079,1681.684895,2608.478276,6983.574321,ZPY15.xml,/Scenario/Satellite[264]
265,Debris265,99999,2030-11-14 08:00:00,2030-11-14 08:00:00,2030-11-15 08:00:00,-1976993.719,-5394132.1,-4375542.069,296.644655,4604.622391,-5764.012041,ZPY15.xml,/Scenario/Satellite[265]
266,Debris266,99999,2030-11-14 08:00:00,2030-11-14 08:00:00,2030-11-15 08:00:00,-1077989.786,-184730.4981,-7061089.688,1761.615776,7232.523383,-396.532776,ZPY15.xml,/Scenario/Satellite[266]
267,Debris267,99999,2030-11-14 08:00:00,2030-11-14 08:00:00,2030-11-15 08:00:00,-1667960.243,-6946879.15,884421.2525,-1239.970928,-697.318754,-7277.060632,ZPY15.xml,/Scenario/Satellite[267]
268,Debris268,99999,2030-11-14 08:00:00,2030-11-14 08:00:00,2030-11-15 08:00:00,1458718.35,6669968.377,-1691158.428,1444.781124,1511.82798,7264.002604,ZPY15.xml,/Scenario/Satellite[268]
269,Debris269,99999,2030-11-14 08:00:00,2030-11-14 08:00:00,2030-11-15 08:00:00,-1245389.267,-900527.2169,-6991181.301,1582.065184,7177.507303,-1169.259674,ZPY15.xml,/Scenario/Satellite[269]
270,Debris270,99999,2030-11-14 08:00:00,2030-11-14 08:00:00,2030-11-15 08:00:00,233925.6876,-2988991.373,6475664.084,-2032.388873,-6691.407383,-2847.695378,ZPY15.xml,/Scenario/Satellite[270]
271,Debris271,99999,2030-11-14 08:00:00,2030-11-14 08:00:00,2030-11-15 08:00:00,-891682.8235,709055.618,-7272477.173,1823.385163,7038.723563,560.859515,ZPY15.xml,/Scenario/Satellite[271]
272,Debris272,99999,2030-11-14 08:00:00,2030-11-14 08:00:00,2030-11-15 08:00:00,-215287.0297,-4080435.397,5907683.421,-2155.6099,-5982.531945,-3977.365604,ZPY15.xml,/Scenario/Satellite[272]
273,Debris273,99999,2030-11-14 08:00:00,2030-11-14 08:00:00,2030-11-15 08:00:00,-1361430.577,-1389388.797,-6874568.347,1627.027505,7109.014339,-1552.924809,ZPY15.xml,/Scenario/Satellite[273]
274,Debris274,99999,2030-11-14 08:00:00,2030-11-14 08:00:00,2030-11-15 08:00:00,1915998.247,5275337.489,4095698.304,-226.086532,-4550.47886,6209.346088,ZPY15.xml,/Scenario/Satellite[274]
275,Debris275,99999,2030-11-14 08:00:00,2030-11-14 08:00:00,2030-11-15 08:00:00,-636555.8809,1430874.158,-6955261.568,2037.941083,7063.503528,1318.905062,ZPY15.xml,/Scenario/Satellite[275]
276,Debris276,99999,2030-11-14 08:00:00,2030-11-14 08:00:00,2030-11-15 08:00:00,-587877.1934,-5154749.128,5015119.605,-2013.532221,-4943.273712,-5130.490922,ZPY15.xml,/Scenario/Satellite[276]
277,Debris277,99999,2030-11-14 08:00:00,2030-11-14 08:00:00,2030-11-15 08:00:00,603849.3807,5077049.188,-4834520.057,2038.869022,4844.52168,5435.189782,ZPY15.xml,/Scenario/Satellite[277]
278,Debris278,99999,2030-11-14 08:00:00,2030-11-14 08:00:00,2030-11-15 08:00:00,1632499.644,2712650.672,6295528.045,-1279.186455,-6728.531432,3411.37945,ZPY15.xml,/Scenario/Satellite[278]
279,Debris279,99999,2030-11-14 08:00:00,2030-11-14 08:00:00,2030-11-15 08:00:00,-2005225.981,-6029994.369,-3345178.361,-51.346348,3578.22387,-6508.083374,ZPY15.xml,/Scenario/Satellite[279]
280,Debris280,99999,2030-11-14 08:00:00,2030-11-14 08:00:00,2030-11-15 08:00:00,1674944.094,6789715.457,-684459.7167,1189.771967,363.372122,7522.15083,ZPY15.xml,/Scenario/Satellite[280]
281,Debris281,99999,2030-11-14 08:00:00,2030-11-14 08:00:00,2030-11-15 08:00:00,-154148.8136,3009884.318,-6408615.991,2133.505853,6508.247292,3096.511605,ZPY15.xml,/Scenario/Satellite[281]
282,Debris282,99999,2030-11-14 08:00:00,2030-11-14 08:00:00,2030-11-15 08:00:00,148384.6147,3953110.767,-5901794.925,2105.310699,5925.210627,4071.028635,ZPY15.xml,/Scenario/Satellite[282]
283,Debris283,99999,2030-11-14 08:00:00,2030-11-14 08:00:00,2030-11-15 08:00:00,-789441.1564,-5561188.476,4416075.555,-1964.036796,-4381.765674,-5730.311415,ZPY15.xml,/Scenario/Satellite[283]
284,Debris284,99999,2030-11-14 08:00:00,2030-11-14 08:00:00,2030-11-15 08:00:00,-1517491.156,-7006298.201,607755.198,-1183.40888,-444.463258,-7310.549123,ZPY15.xml,/Scenario/Satellite[284]
285,Debris285,99999,2030-11-14 08:00:00,2030-11-14 08:00:00,2030-11-15 08:00:00,1977307.079,6481389.214,1918680.633,442.416269,-2323.990378,7226.700704,ZPY15.xml,/Scenario/Satellite[285]
286,Debris286,99999,2030-11-14 08:00:00,2030-11-14 08:00:00,2030-11-15 08:00:00,-693088.7248,3004603.21,-6657861.421,1236.249682,6577.392745,2949.72721,ZPY15.xml,/Scenario/Satellite[286]
287,Debris287,99999,2030-11-14 08:00:00,2030-11-14 08:00:00,2030-11-15 08:00:00,-802829.3224,938420.5804,-7199483.903,1968.810869,7021.432668,911.124243,ZPY15.xml,/Scenario/Satellite[287]
288,Debris288,99999,2030-11-14 08:00:00,2030-11-14 08:00:00,2030-11-15 08:00:00,1318876.899,1380778.218,6815995.802,-1333.649918,-7290.23847,1757.136585,ZPY15.xml,/Scenario/Satellite[288]
289,Debris289,99999,2030-11-14 08:00:00,2030-11-14 08:00:00,2030-11-15 08:00:00,-1814692.794,-6932708.127,-335632.7471,-937.593827,535.400837,-7360.149555,ZPY15.xml,/Scenario/Satellite[289]
290,Debris290,99999,2030-11-14 08:00:00,2030-11-14 08:00:00,2030-11-15 08:00:00,-1953357.477,-3991922.925,-6216814.559,906.174026,5725.95937,-4076.027248,ZPY15.xml,/Scenario/Satellite[290]
291,Debris291,99999,2030-11-14 08:00:00,2030-11-14 08:00:00,2030-11-15 08:00:00,1387001.905,1596007.172,6755023.238,-1392.492946,-7014.299483,2443.933715,ZPY15.xml,/Scenario/Satellite[291]
292,Debris292,99999,2030-11-14 08:00:00,2030-11-14 08:00:00,2030-11-15 08:00:00,-2007729.94,-5164145.5,-4578291.997,428.185417,4804.189183,-5636.635502,ZPY15.xml,/Scenario/Satellite[292]
293,Debris293,99999,2030-11-14 08:00:00,2030-11-14 08:00:00,2030-11-15 08:00:00,1882006.563,7099886.936,-99465.53184,919.12524,-601.412581,7397.606785,ZPY15.xml,/Scenario/Satellite[293]
294,Debris294,99999,2030-11-14 08:00:00,2030-11-14 08:00:00,2030-11-15 08:00:00,-1912077.769,-6898847.519,-1148756.04,-704.224777,1371.026673,-7195.160264,ZPY15.xml,/Scenario/Satellite[294]
295,Debris295,99999,2030-11-14 08:00:00,2030-11-14 08:00:00,2030-11-15 08:00:00,1149819.079,6166906.945,-3168112.205,1765.076273,2967.588283,6799.958508,ZPY15.xml,/Scenario/Satellite[295]
296,Debris296,99999,2030-11-14 08:00:00,2030-11-14 08:00:00,2030-11-15 08:00:00,435202.2073,-2148003.155,6755798.285,-2073.30225,-6952.431352,-2004.171984,ZPY15.xml,/Scenario/Satellite[296]
297,Debris297,99999,2030-11-14 08:00:00,2030-11-14 08:00:00,2030-11-15 08:00:00,148489.0434,4390458.916,-5820232.621,1933.07406,5564.124482,4408.176565,ZPY15.xml,/Scenario/Satellite[297]
298,Debris298,99999,2030-11-14 08:00:00,2030-11-14 08:00:00,2030-11-15 08:00:00,25483.58644,-3382291.622,6275726.03,-2152.28541,-6369.399422,-3316.686042,ZPY15.xml,/Scenario/Satellite[298]
299,Debris299,99999,2030-11-14 08:00:00,2030-11-14 08:00:00,2030-11-15 08:00:00,668853.0152,5282360.374,-4683182.494,1994.049448,4629.936879,5557.305548,ZPY15.xml,/Scenario/Satellite[299]
300,Debris300,99999,2030-11-14 08:00:00,2030-11-14 08:00:00,2030-11-15 08:00:00,-1696054.389,-2329646.243,-7941183.954,1030.733966,6166.24426,-1979.355781,ZPY15.xml,/Scenario/Satellite[300]
301,Debris301,99999,2030-11-14 08:00:00,2030-11-14 08:00:00,2030-11-15 08:00:00,-729872.7023,-5658937.132,4345015.421,-1890.737422,-4310.496633,-5772.264499,ZPY15.xml,/Scenario/Satellite[301]
302,Debris302,99999,2030-11-14 08:00:00,2030-11-14 08:00:00,2030-11-15 08:00:00,-386836.1653,2614945.732,-7027484.258,1967.804176,6450.238012,2539.586387,ZPY15.xml,/Scenario/Satellite[302]
303,Debris303,99999,2030-11-14 08:00:00,2030-11-14 08:00:00,2030-11-15 08:00:00,-214402.3997,-4133906.625,5836065.74,-2132.595583,-5951.063369,-4089.95546,ZPY15.xml,/Scenario/Satellite[303]
304,Debris304,99999,2030-11-14 08:00:00,2030-11-14 08:00:00,2030-11-15 08:00:00,-1882843.656,-5936517.094,-3602169.028,-66.272576,3838.73398,-6341.10365,ZPY15.xml,/Scenario/Satellite[304]
305,Debris305,99999,2030-11-14 08:00:00,2030-11-14 08:00:00,2030-11-15 08:00:00,113961.0129,3913389.989,-5933551.256,2082.259968,5963.753817,4019.039515,ZPY15.xml,/Scenario/Satellite[305]
306,Debris306,99999,2030-11-14 08:00:00,2030-11-14 08:00:00,2030-11-15 08:00:00,-1129098.465,-350402.2896,-7114140.419,1806.880991,7220.795502,-89.332486,ZPY15.xml,/Scenario/Satellite[306]
307,Debris307,99999,2030-11-14 08:00:00,2030-11-14 08:00:00,2030-11-15 08:00:00,1368499.348,7023713.482,-3446420.107,1524.972124,2119.423385,6549.178292,ZPY15.xml,/Scenario/Satellite[307]
308,Debris308,99999,2030-11-14 08:00:00,2030-11-14 08:00:00,2030-11-15 08:00:00,-1337346.235,-1346098.831,-6899633.42,1479.520922,7126.023766,-1567.622586,ZPY15.xml,/Scenario/Satellite[308]
309,Debris309,99999,2030-11-14 08:00:00,2030-11-14 08:00:00,2030-11-15 08:00:00,-303866.3163,2600769.939,-6582884.889,2083.736579,6713.963977,2654.32177,ZPY15.xml,/Scenario/Satellite[309]
310,Debris310,99999,2030-11-14 08:00:00,2030-11-14 08:00:00,2030-11-15 08:00:00,1760148.006,6916554.401,-138654.8055,1024.210746,-232.761312,7432.704475,ZPY15.xml,/Scenario/Satellite[310]
311,Debris311,99999,2030-11-14 08:00:00,2030-11-14 08:00:00,2030-11-15 08:00:00,-634313.0009,1476025.125,-6941665.395,2007.512103,7065.40306,1378.748522,ZPY15.xml,/Scenario/Satellite[311]
312,Debris312,99999,2030-11-14 08:00:00,2030-11-14 08:00:00,2030-11-15 08:00:00,-1992472.891,-7777525.273,995771.245,-1336.042315,-1301.915302,-6699.211206,ZPY15.xml,/Scenario/Satellite[312]
313,Debris313,99999,2030-11-14 08:00:00,2030-11-14 08:00:00,2030-11-15 08:00:00,1434787.144,1727931.111,6668356.357,-1463.14966,-7169.627242,2976.18695,ZPY15.xml,/Scenario/Satellite[313]
314,Debris314,99999,2030-11-14 08:00:00,2030-11-14 08:00:00,2030-11-15 08:00:00,-1898093.461,-4850997.202,-4967115.497,480.33931,5201.003006,-5252.107051,ZPY15.xml,/Scenario/Satellite[314]
315,Debris315,99999,2030-11-14 08:00:00,2030-11-14 08:00:00,2030-11-15 08:00:00,-1622026.696,-6990973.091,377511.3638,-1127.634287,-201.235341,-7338.043348,ZPY15.xml,/Scenario/Satellite[315]
316,Debris316,99999,2030-11-14 08:00:00,2030-11-14 08:00:00,2030-11-15 08:00:00,-1741198.147,-7282453.534,702862.8994,-1213.581195,-692.926816,-7078.930782,ZPY15.xml,/Scenario/Satellite[316]
317,Debris317,99999,2030-11-14 08:00:00,2030-11-14 08:00:00,2030-11-15 08:00:00,-1833669.247,-6864740.835,-1177482.473,-727.958024,1388.317063,-7240.631789,ZPY15.xml,/Scenario/Satellite[317]
318,Debris318,99999,2030-11-14 08:00:00,2030-11-14 08:00:00,2030-11-15 08:00:00,-1927546.072,-7391349.027,-518674.2678,-956.919021,336.2682,-7075.577308,ZPY15.xml,/Scenario/Satellite[318]
319,Debris319,99999,2030-11-14 08:00:00,2030-11-14 08:00:00,2030-11-15 08:00:00,1938561.88,5157722.008,4406333.96,-362.762674,-4845.846316,5826.857327,ZPY15.xml,/Scenario/Satellite[319]
320,Debris320,99999,2030-11-14 08:00:00,2030-11-14 08:00:00,2030-11-15 08:00:00,1035814.278,5887171.97,-3482216.582,1859.444193,3300.763921,6820.03458,ZPY15.xml,/Scenario/Satellite[320]
321,Debris321,99999,2030-11-14 08:00:00,2030-11-14 08:00:00,2030-11-15 08:00:00,-428776.2355,2141166.682,-6785413.247,2089.301488,6864.278831,2075.524976,ZPY15.xml,/Scenario/Satellite[321]
322,Debris322,99999,2030-11-14 08:00:00,2030-11-14 08:00:00,2030-11-15 08:00:00,-713661.2294,1270415.919,-6982128.045,1909.193659,7125.338313,1150.903869,ZPY15.xml,/Scenario/Satellite[322]
323,Debris323,99999,2030-11-14 08:00:00,2030-11-14 08:00:00,2030-11-15 08:00:00,1551408.159,2512327.347,6438915.57,-1249.675648,-7215.694999,2996.915991,ZPY15.xml,/Scenario/Satellite[323]
324,Debris324,99999,2030-11-14 08:00:00,2030-11-14 08:00:00,2030-11-15 08:00:00,-27037.39285,-3916752.635,5986676.727,-1984.774593,-6083.373461,-3853.924613,ZPY15.xml,/Scenario/Satellite[324]
325,Debris325,99999,2030-11-14 08:00:00,2030-11-14 08:00:00,2030-11-15 08:00:00,2036592.594,6445671.696,2371701.233,265.752726,-2858.960895,6968.733659,ZPY15.xml,/Scenario/Satellite[325]
326,Debris326,99999,2030-11-14 08:00:00,2030-11-14 08:00:00,2030-11-15 08:00:00,-1927166.684,-4925955.444,-4879431.747,474.357325,5110.517522,-5342.909708,ZPY15.xml,/Scenario/Satellite[326]
327,Debris327,99999,2030-11-14 08:00:00,2030-11-14 08:00:00,2030-11-15 08:00:00,-616990.2832,1614528.16,-6921373.795,1953.653839,7044.06645,1508.849053,ZPY15.xml,/Scenario/Satellite[327]
328,Debris328,99999,2030-11-14 08:00:00,2030-11-14 08:00:00,2030-11-15 08:00:00,-1886805.591,-3893320.297,-6022010.57,923.313944,5885.692536,-4123.683876,ZPY15.xml,/Scenario/Satellite[328]
329,Debris329,99999,2030-11-14 08:00:00,2030-11-14 08:00:00,2030-11-15 08:00:00,1784343.19,6732100.5,844701.8206,812.318787,-1126.026683,7446.863987,ZPY15.xml,/Scenario/Satellite[329]
330,Debris330,99999,2030-11-14 08:00:00,2030-11-14 08:00:00,2030-11-15 08:00:00,-860585.8608,997362.4589,-7509517.279,1859.304923,6799.651376,1243.44747,ZPY15.xml,/Scenario/Satellite[330]
331,Debris331,99999,2030-11-14 08:00:00,2030-11-14 08:00:00,2030-11-15 08:00:00,860270.9347,5819723.261,-4186001.261,1868.111135,3889.227452,6045.802648,ZPY15.xml,/Scenario/Satellite[331]
332,Debris332,99999,2030-11-14 08:00:00,2030-11-14 08:00:00,2030-11-15 08:00:00,-1486856.507,-1976498.656,-6728938.687,1440.019871,6923.656719,-2286.009466,ZPY15.xml,/Scenario/Satellite[332]
333,Debris333,99999,2030-11-14 08:00:00,2030-11-14 08:00:00,2030-11-15 08:00:00,-1707021.414,-7001964.177,-130644.2481,-999.066331,324.631335,-7328.787113,ZPY15.xml,/Scenario/Satellite[333]
334,Debris334,99999,2030-11-14 08:00:00,2030-11-14 08:00:00,2030-11-15 08:00:00,1064290.644,6766362.548,-3428376.763,1559.66119,2525.312466,6537.847257,ZPY15.xml,/Scenario/Satellite[334]
335,Debris335,99999,2030-11-14 08:00:00,2030-11-14 08:00:00,2030-11-15 08:00:00,-76941.97707,3973469.017,-8083776.204,1887.504152,5127.959757,3161.885344,ZPY15.xml,/Scenario/Satellite[335]
336,Debris336,99999,2030-11-14 08:00:00,2030-11-14 08:00:00,2030-11-15 08:00:00,-138358.14,3375973.765,-6936437.476,2018.819875,5971.484493,3200.117089,ZPY15.xml,/Scenario/Satellite[336]
337,Debris337,99999,2030-11-14 08:00:00,2030-11-14 08:00:00,2030-11-15 08:00:00,-2852774.621,-2589466.241,-14275210.63,1122.000369,4047.467799,-340.770057,ZPY15.xml,/Scenario/Satellite[337]
338,Debris338,99999,2030-11-14 08:00:00,2030-11-14 08:00:00,2030-11-15 08:00:00,-1438423.533,-6701976.388,2055328.312,-1522.963875,-1916.918402,-7047.903178,ZPY15.xml,/Scenario/Satellite[338]
339,Debris339,99999,2030-11-14 08:00:00,2030-11-14 08:00:00,2030-11-15 08:00:00,-256425.4119,2775936.315,-6552621.91,2076.065807,6626.379191,2769.582542,ZPY15.xml,/Scenario/Satellite[339]
340,Debris340,99999,2030-11-14 08:00:00,2030-11-14 08:00:00,2030-11-15 08:00:00,-459162.9121,-4947951.565,5517977.55,-2065.512347,-5502.317547,-4462.377777,ZPY15.xml,/Scenario/Satellite[340]
341,Debris341,99999,2030-11-14 08:00:00,2030-11-14 08:00:00,2030-11-15 08:00:00,-2122708.427,-7195575.105,-1619037.544,-602.418457,1525.71332,-6869.537304,ZPY15.xml,/Scenario/Satellite[341]
342,Debris342,99999,2030-11-14 08:00:00,2030-11-14 08:00:00,2030-11-15 08:00:00,-810582.3888,-5615190.455,4445836.063,-1955.215378,-4351.908048,-5670.802351,ZPY15.xml,/Scenario/Satellite[342]
343,Debris343,99999,2030-11-14 08:00:00,2030-11-14 08:00:00,2030-11-15 08:00:00,1904618.816,6645535.718,1356524.217,626.899876,-1747.029624,7372.409039,ZPY15.xml,/Scenario/Satellite[343]
344,Debris344,99999,2030-11-14 08:00:00,2030-11-14 08:00:00,2030-11-15 08:00:00,1404129.215,1627990.427,6741947.497,-1531.414287,-7214.922977,2136.712796,ZPY15.xml,/Scenario/Satellite[344]
345,Debris345,99999,2030-11-14 08:00:00,2030-11-14 08:00:00,2030-11-15 08:00:00,-845043.4981,839063.8683,-7252378.973,1897.166054,7017.28521,713.269258,ZPY15.xml,/Scenario/Satellite[345]
