序号,name,catalogNumber,epoch[MJD2000],a,e,i（deg）,Omega（deg）,omega（deg）,MM（deg）
1,Debris1,99999,11274.833333333334,8046829.4524967605,0.12110647760838579,98.0041620618,74.4713607037,70.1335196108,207.5144108334
2,Debris2,99999,11274.833333333334,7240231.21969385,0.029852987249113318,98.0124591210,75.2845190241,32.2327879816,216.8326789462
3,Debris3,99999,11274.833333333334,8672684.248964433,0.1839247255786543,100.0032867055,96.2726809576,80.4299359932,321.7430234352
4,Debris4,99999,11274.833333333334,7185672.0230823355,0.022678578832991448,98.1158960808,76.2488542810,25.0365378915,30.4884049053
5,Debris5,99999,11274.833333333334,7186446.267772385,0.016271991381795154,98.2692909445,77.6074004420,52.5733703293,2.0835341056
6,Debris6,99999,11274.833333333334,7665498.465654519,0.08429168101499523,98.1074044582,75.6638403364,49.5902791212,83.9530485955
7,Debris7,99999,11274.833333333334,7345854.281044091,0.03651749205964903,98.3101525244,77.7802793766,72.3253300213,226.6315104873
8,Debris8,99999,11274.833333333334,7445330.36085428,0.05098973333240184,98.1155196918,75.9440773070,60.2405285307,312.7840518908
9,Debris9,99999,11274.833333333334,7233120.635214078,0.02212560206976821,98.0221340728,75.3745104282,60.1731935656,212.0193891268
10,Debris10,99999,11274.833333333334,7111872.506440895,0.02103521101449024,98.0163594178,75.4813481098,356.1222706490,288.4295820884
11,Debris11,99999,11274.833333333334,7092374.673350516,0.0037384982290542706,98.2563829995,77.6178314514,17.1294239432,331.4556628677
12,Debris12,99999,11274.833333333334,7135344.597632049,0.013604143881357302,98.2374946710,77.3901267061,20.2136856914,192.1262905003
13,Debris13,99999,11274.833333333334,7177233.848330013,0.013874133285975204,98.0405527678,75.6027416025,69.6981038991,13.4970358295
14,Debris14,99999,11274.833333333334,7237146.536784864,0.024511198244318678,98.0203134343,75.3544036655,47.8977382881,211.5146811435
15,Debris15,99999,11274.833333333334,7172368.85096527,0.015092099180522395,98.1054423420,76.1732165968,44.8410360549,52.7322443603
16,Debris16,99999,11274.833333333334,7480391.020168006,0.05934132663444331,98.0200373581,75.0847613211,49.1526013695,224.3201605865
17,Debris17,99999,11274.833333333334,7107144.508510473,0.009314347269021953,98.0155753739,75.4790027579,9.8375772325,291.0261133331
18,Debris18,99999,11274.833333333334,7740079.951312204,0.08585023111027477,98.0218935588,74.8573226772,71.0759723337,233.0061151469
19,Debris19,99999,11274.833333333334,7170221.266385983,0.01726875018135222,98.1800400769,76.8325764034,32.1727928645,71.6689274985
20,Debris20,99999,11274.833333333334,7194701.928824932,0.01638138100147673,98.0969554793,76.0703731990,66.5109929946,322.9998168223
21,Debris21,99999,11274.833333333334,7755351.304051596,0.09079446800826181,98.0561736166,75.1404772213,59.1275010749,204.0660108622
22,Debris22,99999,11274.833333333334,7126412.645859585,0.0069516156958135894,98.0164714520,75.4607419706,61.9507734589,179.0952632407
23,Debris23,99999,11274.833333333334,7384894.939146589,0.042000836137444014,98.0224690547,75.2030467678,66.5992855825,118.6969172986
24,Debris24,99999,11274.833333333334,7101961.673967142,0.0037472478823421503,98.0909231943,76.1391847016,48.3964811595,269.7317809838
25,Debris25,99999,11274.833333333334,7177273.819630637,0.015190597768370657,98.2497195679,77.4436128936,50.0460577898,32.7638837009
26,Debris26,99999,11274.833333333334,7232268.511986629,0.023777152859490506,98.2984202717,77.8118438306,48.2898874831,226.3250205558
27,Debris27,99999,11274.833333333334,7326298.235647005,0.03403358359157423,98.1309818421,76.2091929487,69.8115851994,285.7695920668
28,Debris28,99999,11274.833333333334,7219968.231289785,0.02050615441408636,98.0145882102,75.3256653941,57.8435213441,254.1191764752
29,Debris29,99999,11274.833333333334,7205168.00134914,0.0177793100750126,98.1166846701,76.2295567926,67.6985907644,289.8760102222
30,Debris30,99999,11274.833333333334,7091398.188076601,0.007266387927884412,98.0328150200,75.6489682293,358.8214523819,352.0619523888
31,Debris31,99999,11274.833333333334,7367861.373332442,0.03935499338060721,98.0196342325,75.1971335822,73.6568122786,161.2261487741
32,Debris32,99999,11274.833333333334,7139661.653016375,0.012157288619035079,98.0740499184,75.9421702707,29.1929736738,169.6854119615
33,Debris33,99999,11274.833333333334,7273950.623572724,0.027220780296115944,98.1183569377,76.1600376277,66.5366041663,83.4903472328
34,Debris34,99999,11274.833333333334,7186217.660914962,0.05283649974717241,98.0050011869,75.2985243785,358.1068824637,51.6340750058
35,Debris35,99999,11274.833333333334,7610432.537326957,0.07002234856768894,98.0157931841,74.9197297444,73.4386625706,209.0020623431
36,Debris36,99999,11274.833333333334,7219786.292758587,0.02951497144935891,98.2538044986,77.4280274825,25.4331566425,285.5739689116
37,Debris37,99999,11274.833333333334,7166941.766559809,0.012440835980795732,98.0139768129,75.3866249654,70.3643658273,44.5790374972
38,Debris38,99999,11274.833333333334,7143909.554407791,0.009527481250253782,98.0392794030,75.6346891270,59.7990077530,126.4911396120
39,Debris39,99999,11274.833333333334,7166146.042442711,0.028531918910143297,98.1144043683,76.2629079162,8.6292313245,106.0498284373
40,Debris40,99999,11274.833333333334,7152701.985688292,0.010473905360007144,98.0213799848,75.4687004409,70.0157639154,89.0741007620
41,Debris41,99999,11274.833333333334,7276432.0756828,0.027302825111707982,98.0716610518,75.7503815339,72.0990568148,70.7653081770
42,Debris42,99999,11274.833333333334,7108609.782490181,0.00905562929285762,98.1827926621,76.9387179540,12.3765028903,284.1709777309
43,Debris43,99999,11274.833333333334,7158731.327854804,0.015940161805502975,98.0543225578,75.7463147471,28.8504252673,110.3722857034
44,Debris44,99999,11274.833333333334,7094242.119105225,0.006191524604007019,98.0388469252,75.6971969930,5.5460288822,336.4704838109
45,Debris45,99999,11274.833333333334,7115244.091423821,0.006063958690812861,98.0148462271,75.4615742850,43.7342379160,232.2098541903
46,Debris46,99999,11274.833333333334,7093605.413360159,0.0047956476270339075,98.1531585871,76.6968976822,11.3953271423,332.9907571233
47,Debris47,99999,11274.833333333334,7188330.19228786,0.02048330994540424,98.0508823338,75.6789980713,32.3335058267,15.3323410499
48,Debris48,99999,11274.833333333334,7435300.56754851,0.04815494768788404,98.0449371130,75.3423503141,71.6147064429,330.6832740742
49,Debris49,99999,11274.833333333334,7608646.42699146,0.06982385970635172,98.0402144176,75.1306318601,73.0760027392,214.1044093417
50,Debris50,99999,11274.833333333334,7158007.721405347,0.011868112985324433,98.0208061433,75.4569885922,54.5476107813,87.7067159094
51,Debris51,99999,11274.833333333334,9683015.820958147,0.2690361487519424,98.2887801208,76.1761067909,79.3820371885,67.1457956672
52,Debris52,99999,11274.833333333334,7106168.7590694,0.011491798766360271,98.0204813422,75.5228696640,3.7579453261,299.9141415487
53,Debris53,99999,11274.833333333334,7352119.099882439,0.0377981000170944,98.0120397458,75.1495306966,65.3407969402,214.4728654781
54,Debris54,99999,11274.833333333334,7100922.462194877,0.0032806599008152067,98.0767316498,76.0168493252,63.9534611332,257.5592797340
55,Debris55,99999,11274.833333333334,7264663.222054365,0.028234608398281312,98.0455722179,75.5392249748,49.7121142144,127.0122287545
56,Debris56,99999,11274.833333333334,7146594.515817344,0.013420501023005665,98.1364947070,76.4791306762,29.6545095172,147.6174078678
57,Debris57,99999,11274.833333333334,7264083.438083609,0.02567234694108387,98.0206414291,75.3243311363,70.9823581492,108.5965864570
58,Debris58,99999,11274.833333333334,7290621.122548314,0.029629854181407046,98.1640243460,76.5410919259,64.6653752631,35.7584531450
59,Debris59,99999,11274.833333333334,7555532.875952898,0.06324014438508015,98.1066739656,75.7550087979,73.8803652077,356.2187568036
60,Debris60,99999,11274.833333333334,7167789.253685448,0.014395371544472053,98.0416594495,75.6246268572,44.5629047538,67.0872421755
61,Debris61,99999,11274.833333333334,7192671.925294218,0.01685172201030737,98.0559157213,75.7162990766,55.3943601271,339.9047849698
62,Debris62,99999,11274.833333333334,7739414.023104566,0.0874047926866188,98.0854392868,75.4049538019,63.2655952350,241.3078097685
63,Debris63,99999,11274.833333333334,7304960.766243816,0.0316446494862894,98.0641737205,75.6522750256,63.7689312167,354.0406797629
64,Debris64,99999,11274.833333333334,7407929.90683902,0.04460253119870355,98.0730552344,75.6141986813,72.2034368689,47.7712248937
65,Debris65,99999,11274.833333333334,7278629.8172742985,0.028937691427806788,98.0700516886,75.7342105399,56.7333248876,78.7239273252
66,Debris66,99999,11274.833333333334,7170872.682412964,0.013229844722228407,98.0450646083,75.6499018517,62.5767537023,40.0616007440
67,Debris67,99999,11274.833333333334,7875132.549767639,0.10130251666664015,98.0193363564,74.7258822351,74.2068667790,253.0042473198
68,Debris68,99999,11274.833333333334,7128195.052031017,0.008352068979628976,98.0145441491,75.4418836205,41.4996264762,193.6103647134
69,Debris69,99999,11274.833333333334,7172527.822395121,0.014556069201116422,98.2815410585,77.7359189667,49.3772577820,48.1259670680
70,Debris70,99999,11274.833333333334,7126710.836513616,0.008978725430148639,98.3056336339,78.0151342049,33.9400003459,206.1302508701
71,Debris71,99999,11274.833333333334,7170373.804993437,0.03257526820306501,98.0100565492,75.3532576332,6.0128290356,94.9554606153
72,Debris72,99999,11274.833333333334,7172127.471937401,0.013932052935108638,98.0716898837,75.8792220305,54.6724216383,43.9067630308
73,Debris73,99999,11274.833333333334,7262842.9869106915,0.026078968276812508,98.0809273363,75.8471587032,61.9899302003,120.9264500699
74,Debris74,99999,11274.833333333334,7116566.679533535,0.005751301811423451,98.0234750793,75.5341917622,54.5758893068,217.3502088709
75,Debris75,99999,11274.833333333334,7156041.41001413,0.011746806616701537,98.0537102346,75.7439106830,52.3936444960,95.9669581442
76,Debris76,99999,11274.833333333334,7151151.564765427,0.010232878918052605,98.2065178351,77.0919025239,73.1352692285,91.1218187966
77,Debris77,99999,11274.833333333334,7402112.420799497,0.04384758485542241,98.0766375806,75.6514845744,72.2655104688,64.3014042322
78,Debris78,99999,11274.833333333334,7214872.514819775,0.02035573208708092,98.0093911534,75.2873547104,52.9537340048,274.2990488109
79,Debris79,99999,11274.833333333334,7801664.500454894,0.0929975208633095,98.0567892918,75.1049814871,72.0874011631,76.5244916078
80,Debris80,99999,11274.833333333334,7127658.948226231,0.010627662818906444,98.0513127400,75.7605420650,24.8361981285,211.6030123085
81,Debris81,99999,11274.833333333334,7258944.258001595,0.026792126035965265,98.0349001453,75.4537326217,52.7697588196,141.2648508065
82,Debris82,99999,11274.833333333334,8319993.0434829835,0.14937810501137055,98.0041113552,74.2956489302,75.2617969199,316.4686463969
83,Debris83,99999,11274.833333333334,7135549.869069219,0.008156652251539488,98.0390603664,75.6437178784,65.6965625568,146.8133338056
84,Debris84,99999,11274.833333333334,7097512.693807691,0.012562846927428544,98.0893205850,76.1320638479,356.1950458357,334.7862499023
85,Debris85,99999,11274.833333333334,7199512.037548824,0.016995486247388572,98.1081287226,76.1618501219,67.8526245572,306.9955568931
86,Debris86,99999,11274.833333333334,7468049.183242388,0.053324175939193225,98.1565117962,76.2785702961,63.4939180661,246.2197508992
87,Debris87,99999,11274.833333333334,7226643.2089916505,0.020900387997110904,98.0186194072,75.3520702497,64.2624198629,227.7158957866
88,Debris88,99999,11274.833333333334,7398216.641554436,0.04331815424031903,98.0521557900,75.4440106632,72.9667939062,74.7476467140
89,Debris89,99999,11274.833333333334,7394770.636393817,0.04341885052783204,98.1002386362,75.8645445192,65.6284462739,91.3856509041
90,Debris90,99999,11274.833333333334,7552309.350007116,0.0637538025759259,98.1433005872,76.0779222280,65.4537616476,12.4118491221
91,Debris91,99999,11274.833333333334,7130062.350536903,0.012375053672307736,98.0258892843,75.5376789775,19.8950264254,208.7498098090
92,Debris92,99999,11274.833333333334,7102676.333120394,0.02888964671758701,98.0517816841,75.8021864552,349.4758311119,323.2035374336
93,Debris93,99999,11274.833333333334,7438751.502969695,0.04850405945536603,98.1339172076,76.1108382943,74.5515073513,318.4126921989
94,Debris94,99999,11274.833333333334,7180964.487425189,0.01625069991897241,98.0034019848,75.2781850826,45.9753897813,24.9312551018
95,Debris95,99999,11274.833333333334,7089191.054376399,0.014698220424456626,98.0041176243,75.4053109804,349.4279295484,7.5430076740
96,Debris96,99999,11274.833333333334,7117992.9266546685,0.01008965828009292,98.0834943879,76.0531446202,17.6970159854,249.0933255453
97,Debris97,99999,11274.833333333334,7375823.635195227,0.04340588362865768,98.0243882704,75.2304600321,52.8009646335,157.4156846258
98,Debris98,99999,11274.833333333334,7206261.200165288,0.021766328514884057,98.1307165467,76.3519276363,38.9026636171,314.1596827878
99,Debris99,99999,11274.833333333334,7389678.795427127,0.04432163459901911,98.0451306608,75.3935409387,56.6452357606,114.0959707762
100,Debris100,99999,11274.833333333334,7430671.704202621,0.047888687642847476,98.0049975796,75.0044673122,67.3934407423,347.5302126377
101,Debris101,99999,11274.833333333334,7105187.750803502,0.005828352158350358,98.0348846841,75.6480575069,24.9996873263,282.5285688496
102,Debris102,99999,11274.833333333334,7364852.308926699,0.04190039829394801,98.0170734697,75.1796119160,52.6729456712,189.2178058255
103,Debris103,99999,11274.833333333334,7207997.292318288,0.018595263091255046,98.0382831396,75.5445731233,60.2896668278,288.2629397760
104,Debris104,99999,11274.833333333334,7253580.969110804,0.026428927713585897,98.0188852782,75.3223012288,50.5188864617,159.4749043793
105,Debris105,99999,11274.833333333334,7093911.173887504,0.0067067917615393005,98.1865676400,76.9922733795,3.5588967713,339.6741000958
106,Debris106,99999,11274.833333333334,7107281.695334004,0.005625604948657463,98.0401908814,75.6911210531,31.0977029359,269.8925068455
107,Debris107,99999,11274.833333333334,7186608.202013071,0.015194351492893457,98.0285071295,75.4868702463,68.5126176087,345.7889216508
108,Debris108,99999,11274.833333333334,7547283.71505423,0.10346969032138631,98.0032970184,74.9034375017,17.7400996355,65.0250968299
109,Debris109,99999,11274.833333333334,7102679.737875972,0.012982196063193441,98.0401574253,75.6978037997,359.0172836005,315.5093562298
110,Debris110,99999,11274.833333333334,7339188.09976686,0.036723504494939434,98.0387546031,75.3938752740,60.3369707341,256.7770904896
111,Debris111,99999,11274.833333333334,7157557.275290952,0.045075940490888027,98.0760039037,75.9456796583,356.2220610917,142.8933442447
112,Debris112,99999,11274.833333333334,7205170.151548382,0.023753957081904566,98.1388124309,76.4248763777,31.8471414896,324.1647997333
113,Debris113,99999,11274.833333333334,7125028.142955242,0.012794443043744245,98.0072461510,75.3837650540,14.6881358601,229.5928831866
114,Debris114,99999,11274.833333333334,7160922.264132229,0.06077853188331743,98.0594432898,75.8063601540,351.9690846499,134.8018186823
115,Debris115,99999,11274.833333333334,7205795.364082548,0.022725004902971746,98.0194809752,75.3861308764,35.0898031961,319.0273110257
116,Debris116,99999,11274.833333333334,7185971.487226407,0.015700112658879856,98.2661925475,77.5800664739,57.7656946317,358.5209825709
117,Debris117,99999,11274.833333333334,7350619.0198788885,0.037202325069024836,98.0734414631,75.6804241563,70.5750733250,214.0652567853
118,Debris118,99999,11274.833333333334,7112544.127680892,0.007662547666054189,98.0388620363,75.6726802063,23.2469319046,260.9062858347
119,Debris119,99999,11274.833333333334,7100540.763862799,0.0076675234623576225,98.0656990333,75.9216453544,8.2962809561,313.6718935675
120,Debris120,99999,11274.833333333334,7178842.21954492,0.014380540942735926,98.0765510336,75.9128243894,62.0463800109,16.0298046873
121,Debris121,99999,11274.833333333334,7159305.916405891,0.011700252317530527,98.0778267642,75.9490310302,60.4252988210,78.0274954333
122,Debris122,99999,11274.833333333334,7541984.054698278,0.06152795999913914,98.7098275046,81.3225741401,75.8685037095,32.1503414088
123,Debris123,99999,11274.833333333334,7160557.523565147,0.02491438557993819,98.0848494953,76.0111255721,10.8063997753,121.5493292766
124,Debris124,99999,11274.833333333334,8106276.255498389,0.1268700243290542,98.1408786835,75.6038076991,76.2715494696,66.4436613518
125,Debris125,99999,11274.833333333334,7122948.0779161295,0.019366440997849753,98.0754946910,75.9783012135,2.3085125741,247.7541266706
126,Debris126,99999,11274.833333333334,7156505.870765305,0.011720879390468581,98.0282727647,75.5233237127,53.5659616311,93.3418876685
127,Debris127,99999,11274.833333333334,7118483.731296805,0.0061999814237573255,98.0421558858,75.6930977423,50.6743680739,215.1891918039
128,Debris128,99999,11274.833333333334,7299843.933929139,0.030412310396175424,98.0460950367,75.5017213889,72.7655988741,0.6730592285
129,Debris129,99999,11274.833333333334,7231975.845913827,0.02692604015453534,98.0907446533,75.9712145141,36.1124001187,238.3647695117
130,Debris130,99999,11274.833333333334,7113659.029411478,0.005229464904328222,98.0324746567,75.6157781909,57.6122537352,223.5295897331
131,Debris131,99999,11274.833333333334,7485175.06985211,0.055049207871018656,98.0376991087,75.2289618738,66.3286008911,195.8346779889
132,Debris132,99999,11274.833333333334,7281503.712156887,0.0414314202644691,98.1901948259,76.7877437508,25.7778136545,98.7833949064
133,Debris133,99999,11274.833333333334,7131772.078251903,0.011602682153161487,98.0103583966,75.4014452194,24.3173660924,199.0872416213
134,Debris134,99999,11274.833333333334,7361415.656385489,0.03952868086475204,98.0378761476,75.3614967551,61.6063174231,191.0027124749
135,Debris135,99999,11274.833333333334,7156672.1511601955,0.011770967920256845,98.0158142568,75.4157120629,53.2168955478,93.1468158029
136,Debris136,99999,11274.833333333334,7169235.602498413,0.0134759941464744,98.0556690407,75.7438871957,55.0555958600,52.4543521147
137,Debris137,99999,11274.833333333334,7301396.7117646495,0.03140024996815207,98.0591785409,75.6132390568,61.6366396509,6.5551972982
138,Debris138,99999,11274.833333333334,7284146.464947552,0.06302568031791768,98.3758863890,78.4686168474,8.7900592123,105.1852534292
139,Debris139,99999,11274.833333333334,7280175.244474819,0.027979383721642718,98.0394521567,75.4674077527,67.7319689460,63.7084471923
140,Debris140,99999,11274.833333333334,7297722.709127375,0.03350884863931055,98.0047043185,75.1491245305,48.0566894053,30.0144944369
141,Debris141,99999,11274.833333333334,7101284.708154798,0.0037270620120409483,98.0827078553,76.0684426885,45.7797121501,274.4603488766
142,Debris142,99999,11274.833333333334,7168566.247142895,0.0408245909575023,98.1291774842,76.3938133223,0.3802298573,105.3122051696
143,Debris143,99999,11274.833333333334,7114701.224043954,0.014942350045340955,98.0822428116,76.0473455182,3.7112600904,272.7819436159
144,Debris144,99999,11274.833333333334,7726851.972231894,0.08403488772266877,98.0493674521,75.1037342525,74.0141797590,264.4132574561
145,Debris145,99999,11274.833333333334,7164416.395803336,0.04817570583491017,98.1012725980,76.1584804852,356.3337850363,121.2253388623
146,Debris146,99999,11274.833333333334,7090093.234897224,0.0073716232245331454,98.0180270349,75.5230401771,357.0937007630,357.8917245318
147,Debris147,99999,11274.833333333334,7184095.016272343,0.021069767412706455,98.0154054306,75.3783314795,28.1508362085,32.2954738640
148,Debris148,99999,11274.833333333334,7225379.329003388,0.020750336781367704,98.0176476685,75.3452570600,63.8883955790,231.9043259207
149,Debris149,99999,11274.833333333334,7159119.069717511,0.02516636771223526,98.3802033687,78.6544841586,10.4056108611,126.8389604196
150,Debris150,99999,11274.833333333334,7217115.761560196,0.019413700762506907,98.0098573306,75.2883476214,67.6808558191,253.3406844749
151,Debris151,99999,11274.833333333334,7136223.307610377,0.008855766304160049,98.0824631798,76.0196017237,51.3357275249,158.8810130207
152,Debris152,99999,11274.833333333334,7237693.036018284,0.030843957503957627,98.0349451112,75.4815986413,29.1782400140,227.3613535334
153,Debris153,99999,11274.833333333334,7357504.574466071,0.04229125727801733,98.0596876190,75.5553417389,48.0865960566,214.7505018041
154,Debris154,99999,11274.833333333334,7256853.088381543,0.028487107651202773,98.0177309239,75.3089292201,43.8836222501,155.8711202909
155,Debris155,99999,11274.833333333334,7133562.347545177,0.019377072670072937,98.0272820488,75.5462574692,7.0029530958,209.7950636725
156,Debris156,99999,11274.833333333334,7157558.257006503,0.014494802611820625,98.0458197252,75.6739763704,33.9888231611,109.0847939784
157,Debris157,99999,11274.833333333334,7448914.2677964475,0.05185739816159847,98.0418143506,75.3021869060,58.4678228571,304.1901854801
158,Debris158,99999,11274.833333333334,7164544.657513177,0.0163269970257888,98.0681593558,75.8588255263,31.5987460570,89.6748065930
159,Debris159,99999,11274.833333333334,7135525.204258267,0.014841809364349352,98.0717762601,75.9282904692,16.5796631012,194.7619484329
160,Debris160,99999,11274.833333333334,7222783.867476166,0.024916976190696372,98.3478817062,78.2735494208,37.8578450288,265.0503289837
161,Debris161,99999,11274.833333333334,7126759.181083791,0.007881731537075123,98.0077029257,75.3848461206,44.2790741454,195.3868904295
162,Debris162,99999,11274.833333333334,7380715.642595206,0.045901251864988245,98.0478245021,75.4276844456,47.4202857873,148.2189138514
163,Debris163,99999,11274.833333333334,7218645.69554613,0.028328762315227178,98.0726470891,75.8310559988,26.9974259058,287.3584810221
164,Debris164,99999,11274.833333333334,7261939.417169518,0.0267511195070003,98.0588328423,75.6568233328,55.6252249453,129.6224983912
165,Debris165,99999,11274.833333333334,7110912.26365891,0.0051142701820478765,98.0329637024,75.6236905655,48.9373597019,240.7805038018
166,Debris166,99999,11274.833333333334,7166568.237017992,0.013893019635868193,98.0959557081,76.0977737112,47.0127547124,68.5811849084
167,Debris167,99999,11274.833333333334,7363441.475634988,0.040462545581517836,98.3631649329,78.2422782371,58.3673289954,188.5875323524
168,Debris168,99999,11274.833333333334,7110803.946250031,0.030018013816483717,98.0040690746,75.3794452094,351.3195687067,295.5143106767
169,Debris169,99999,11274.833333333334,7095934.830200894,0.020973927832032502,98.0572642639,75.8567504473,349.9270763248,345.0119483541
170,Debris170,99999,11274.833333333334,8723545.863745384,0.1887703167623924,98.0452888497,74.4319668736,75.7918409622,225.1897886159
171,Debris171,99999,11274.833333333334,7223844.677548928,0.02065200384796646,98.0691059825,75.7917911766,62.3537176313,238.1054081679
172,Debris172,99999,11274.833333333334,7134660.002420612,0.011472646166485485,98.0137819158,75.4270851403,27.6420759312,186.7974941412
173,Debris173,99999,11274.833333333334,7103688.813465753,0.01148024118463262,98.0170425509,75.4965541272,1.9187624058,309.5690692314
174,Debris174,99999,11274.833333333334,7155812.666123364,0.035051696053146605,98.0454213824,75.6782809812,0.5807864103,145.1154803040
175,Debris175,99999,11274.833333333334,7164565.774104539,0.023944814414185677,98.1636721127,76.6968256821,13.7565665441,106.4777484742
176,Debris176,99999,11274.833333333334,7434492.662706788,0.04822443909928534,98.1038759892,75.8534564797,69.1710845882,335.2595514457
177,Debris177,99999,11274.833333333334,7120452.425531447,0.0085022218050001,98.0168179956,75.4717984537,28.4346738996,230.7896799745
178,Debris178,99999,11274.833333333334,7146318.1342036985,0.011120385375208038,98.0338000022,75.5843339192,43.3434736034,135.0560795830
179,Debris179,99999,11274.833333333334,7166620.28965823,0.02582662889070338,98.1853510144,76.8863836395,11.9815382175,101.7005741021
180,Debris180,99999,11274.833333333334,7416374.5704576885,0.04581608770784386,98.0293047056,75.2278769192,69.9351905991,25.7651269082
181,Debris181,99999,11274.833333333334,7416228.420423784,0.04651255914166159,98.0330213454,75.2602937754,63.5505326629,31.9932632592
182,Debris182,99999,11274.833333333334,8291218.544171401,0.1463912396720369,98.1412705362,75.4881316165,75.8375646403,17.7910790251
183,Debris183,99999,11274.833333333334,7310641.962005085,0.03216701930981062,98.0352738319,75.3960345103,66.3731590095,334.8148570831
184,Debris184,99999,11274.833333333334,7653692.378789667,0.07693027564241682,98.0087534654,74.8212900554,63.0535808401,103.5060312805
185,Debris185,99999,11274.833333333334,7686907.195720633,0.08248989823176889,98.0540453850,75.1808643569,58.7031947268,20.4219219963
186,Debris186,99999,11274.833333333334,7231060.716178505,0.05655316690468225,98.0134927418,75.3167413586,3.6033125248,269.3041015166
187,Debris187,99999,11274.833333333334,7156432.828254349,0.010980680927708356,98.1159552898,76.2855458205,70.9731259333,76.6938868786
188,Debris188,99999,11274.833333333334,7256422.383674853,0.026852054444308073,98.0278677293,75.3962391444,50.5025581019,150.9637672988
189,Debris189,99999,11274.833333333334,7096517.07307272,0.009379313814094728,98.0230215454,75.5575960149,359.7970699387,334.6099295992
190,Debris190,99999,11274.833333333334,7278769.404981132,0.027753114597231565,98.0517357690,75.5751265376,68.4170886250,67.2615656795
191,Debris191,99999,11274.833333333334,7187985.956524216,0.015448726379179998,98.0247206760,75.4524973800,66.5075696728,343.4955783272
192,Debris192,99999,11274.833333333334,7376597.600720768,0.040639424181202255,98.0591633915,75.5280900868,70.0100200711,139.4652265590
193,Debris193,99999,11274.833333333334,7384639.708506749,0.043140431583371504,98.0636476357,75.5586516405,58.9266877410,126.5108318677
194,Debris194,99999,11274.833333333334,7327026.8946327595,0.03672012255094112,98.1888563389,76.7185207409,52.2602859881,300.0259221798
195,Debris195,99999,11274.833333333334,7650746.614541837,0.07590142827390933,98.0526829106,75.1998374460,65.9389533003,108.8441677306
196,Debris196,99999,11274.833333333334,7895099.333812688,0.10372486336755544,98.0289253323,74.7924432424,72.5680537992,205.6774916426
197,Debris197,99999,11274.833333333334,7396980.8527030405,0.04377081961059913,98.0615026508,75.5263135173,65.0784639933,85.5114448210
198,Debris198,99999,11274.833333333334,7452646.129531562,0.06149741858515957,98.0716719182,75.5608459029,38.3176766435,311.4534784108
199,Debris199,99999,11274.833333333334,7289435.860842049,0.029182818668295533,98.0114307799,75.2154183013,68.4288539187,35.5075606402
200,Debris200,99999,11274.833333333334,7358747.115630184,0.039411565175621534,98.0660885300,75.6081116705,60.1527281994,200.1106882366
201,Debris201,99999,11274.833333333334,8353868.878442881,0.15387129143556671,98.1368017564,75.4130471433,69.7755415112,248.7325238309
202,Debris202,99999,11274.833333333334,7310281.8892486775,0.03336192524875948,98.0837139840,75.8159209512,56.7689490528,344.9172933576
203,Debris203,99999,11274.833333333334,7154012.771555005,0.010774838410415002,98.2025339796,77.0526989503,65.0003228140,90.1869500957
204,Debris204,99999,11274.833333333334,7293633.36396874,0.030434033619394486,98.0173099299,75.2612485355,60.8044136245,30.2468834944
205,Debris205,99999,11274.833333333334,7298174.840735385,0.031246457800790727,98.0116940698,75.2078236866,59.3946446533,18.1143479639
206,Debris206,99999,11274.833333333334,7169483.704372823,0.016994682001220212,98.0187921162,75.4255072346,32.4797666772,73.4234360117
207,Debris207,99999,11274.833333333334,7091814.411499724,0.007626677441773803,98.0050854548,75.4092087089,358.4911221177,350.9876231340
208,Debris208,99999,11274.833333333334,7114741.80756242,0.005570949621277528,98.0145765826,75.4598920072,52.0792735550,225.5570689423
209,Debris209,99999,11274.833333333334,7231853.836683159,0.021304480060341885,98.0090833478,75.2636700402,71.5976664951,204.9007743400
210,Debris210,99999,11274.833333333334,7351439.7553124465,0.03816030418420168,98.0521788982,75.4958947780,61.8028503217,219.7727624955
211,Debris211,99999,11274.833333333334,7151165.865251233,0.013291082240713632,98.0103299969,75.3758982796,34.2238752281,128.7364646771
212,Debris212,99999,11274.833333333334,7433377.178268192,0.048340374529032455,98.3464601776,78.0113796926,66.9905350102,340.7311643585
213,Debris213,99999,11274.833333333334,7096856.651501813,0.005465199172527502,98.0638750034,75.9106470503,13.0364601351,320.8451861733
214,Debris214,99999,11274.833333333334,7165055.022439463,0.016791265738856927,98.0149192063,75.3978601128,30.1240359722,89.4191233413
215,Debris215,99999,11274.833333333334,7133316.850860207,0.007956049010064569,98.0752548506,75.9606379477,61.3748411026,158.1076115437
216,Debris216,99999,11274.833333333334,7131033.127132336,0.011619913426130007,98.1245123447,76.3944752223,23.7328085172,202.1486170554
217,Debris217,99999,11274.833333333334,7311795.541255753,0.03534409216883183,98.0328160664,75.3745567858,48.9422028144,347.6457957591
218,Debris218,99999,11274.833333333334,7434500.478569046,0.05358741926633085,98.7788738938,82.1269009998,48.6856214586,354.6502012859
219,Debris219,99999,11274.833333333334,7503603.494518663,0.06166872256331339,98.0549484747,75.3612563987,51.1879765670,158.1927863648
220,Debris220,99999,11274.833333333334,7151295.31135811,0.010413572455688374,98.0229918970,75.4844328752,64.0983061924,99.2441074485
221,Debris221,99999,11274.833333333334,7286811.581813775,0.028943042538482944,98.0284411642,75.3647596049,66.6319362341,45.0109723428
222,Debris222,99999,11274.833333333334,7148493.069469789,0.010263872315716887,98.0444021261,75.6730435142,58.1496395559,113.8236592506
223,Debris223,99999,11274.833333333334,7118159.481449218,0.013315192197286574,98.0752945306,75.9819168093,8.7034322983,257.1257564949
224,Debris224,99999,11274.833333333334,7592131.9321625605,0.06820145167612479,98.0407711778,75.1510691432,68.6922749826,262.0323768025
225,Debris225,99999,11274.833333333334,7108332.934394913,0.007873449990006281,98.0115371256,75.4424727650,16.6357286983,280.6726444977
226,Debris226,99999,11274.833333333334,7164045.893999728,0.016137797000790675,98.0920999357,76.0678049497,32.0194990018,90.8580966598
227,Debris227,99999,11274.833333333334,8144463.385034891,0.13097065950120867,98.0573118780,74.8578117450,76.0805631069,340.1521299046
228,Debris228,99999,11274.833333333334,7168683.876647276,0.027411918957169417,98.0442752575,75.6489868714,10.5688097457,96.3242398873
229,Debris229,99999,11274.833333333334,7288781.173893657,0.03317376878115058,98.0152738300,75.2504594854,44.6433842169,59.7256335964
230,Debris230,99999,11274.833333333334,7110584.860366963,0.0047948063281291345,98.0111529234,75.4359263312,57.0157682196,233.7885513377
231,Debris231,99999,11274.833333333334,7148660.734889235,0.012827954161149324,98.0353441654,75.5948139958,34.3336417178,136.4900618568
232,Debris232,99999,11274.833333333334,7349273.172779138,0.036949669650033094,98.0847896255,75.7803411383,72.5510301703,216.1566470939
233,Debris233,99999,11274.833333333334,7436370.720862886,0.04866872453176335,98.0198573127,75.1258354475,67.0365372883,331.7770843804
234,Debris234,99999,11274.833333333334,7244771.605637408,0.025971679566863984,98.0773212638,75.8381879708,46.5665078559,189.8194250595
235,Debris235,99999,11274.833333333334,7238956.036570235,0.02249282962191986,98.0298788804,75.4340495145,65.8756598776,188.9531008918
236,Debris236,99999,11274.833333333334,7111203.09863691,0.0054701109196226925,98.1657519388,76.7839921016,42.8674853703,246.0640271941
237,Debris237,99999,11274.833333333334,7169511.256102974,0.013112018777073891,98.0139619614,75.3832607516,61.0556213698,45.7041471518
238,Debris238,99999,11274.833333333334,7081316.788998773,0.0055584060720984775,98.0160671811,75.5179807512,348.6019242794,34.4789468250
239,Debris239,99999,11274.833333333334,7113998.015563286,0.005302929554325812,98.0420127411,75.6978238552,56.7701565894,223.3078741286
240,Debris240,99999,11274.833333333334,8195609.154164002,0.1364580966695167,98.0266190611,74.5628522972,75.0771568082,226.7980979659
241,Debris241,99999,11274.833333333334,7097676.397786338,0.00645359792732784,98.0314403221,75.6284883389,9.2843225670,321.8297927991
242,Debris242,99999,11274.833333333334,7195777.365528832,0.016459695213853123,98.1347172161,76.3994632123,68.5714708542,317.7697418043
243,Debris243,99999,11274.833333333334,7129706.854529739,0.014007222799011647,98.0087869661,75.3909886112,14.7761936128,214.7255640050
244,Debris244,99999,11274.833333333334,8380106.615073743,0.15938507623049641,98.0566337801,74.7114632591,62.7752973107,198.4652753433
245,Debris245,99999,11274.833333333334,7519224.273675593,0.058732700743555,98.0269482013,75.1023347005,73.1607410788,95.7656341728
246,Debris246,99999,11274.833333333334,7383899.417426327,0.04166959253475203,98.0113299660,75.1084717640,68.8366746585,119.4859720170
247,Debris247,99999,11274.833333333334,7257921.611808138,0.02480508471668634,98.0817417517,75.8599772384,72.8374671215,125.3658780526
248,Debris248,99999,11274.833333333334,7278446.718641632,0.028800548481174984,98.1720575923,76.6266423756,57.6064368568,78.5971125902
249,Debris249,99999,11274.833333333334,7142895.323206484,0.02415853583663797,98.1290055766,76.4204731344,5.3042563264,181.9727719161
250,Debris250,99999,11274.833333333334,7141636.690833378,0.012862201262576445,98.0142280981,75.4219030799,27.6592987961,164.8828412836
251,Debris251,99999,11274.833333333334,7154909.783267762,0.01898038825902577,98.0557658229,75.7644053337,18.0472664139,132.5255945774
252,Debris252,99999,11274.833333333334,7098382.354263045,0.004297971773948494,98.0642366919,75.9116494435,25.9642746285,303.2675243497
253,Debris253,99999,11274.833333333334,7522899.675950918,0.05954838102185463,98.1247912130,75.9449898416,68.7619188985,89.7150077297
254,Debris254,99999,11274.833333333334,7130416.762105184,0.025630136125823568,98.0189137312,75.4797666683,359.5478891368,226.2890189729
255,Debris255,99999,11274.833333333334,7490188.417149716,0.05506117882602617,99.0293862927,84.6445393455,75.2132255841,175.5175921391
256,Debris256,99999,11274.833333333334,7129547.779590252,0.018594328268420397,98.1329278521,76.4715258783,6.3521485451,223.2445904252
257,Debris257,99999,11274.833333333334,7102743.814695128,0.0041238650946107454,98.1168801651,76.3652139270,41.8423169826,273.7876297033
258,Debris258,99999,11274.833333333334,7246660.767167925,0.023495719420033093,98.2451738332,77.3146173081,67.0381347827,164.9472162645
259,Debris259,99999,11274.833333333334,7400668.706306993,0.04514808480558274,98.0088717396,75.0698872772,59.5918049502,79.8985138698
260,Debris260,99999,11274.833333333334,8534731.879170794,0.17130229179802345,98.0892703446,74.9022814626,72.3997981604,235.1108239397
261,Debris261,99999,11274.833333333334,7166521.176436712,0.01243029048506218,98.0305217674,75.5297760954,67.9582234313,48.2510915784
262,Debris262,99999,11274.833333333334,7257199.080005223,0.02728259713348869,98.0821787633,75.8653309222,49.0618515605,150.0656013438
263,Debris263,99999,11274.833333333334,7135026.968322089,0.009495016517134872,98.0277098073,75.5464672377,41.3661817768,172.3110539281
264,Debris264,99999,11274.833333333334,7095125.718667222,0.01988491714066728,98.0423533502,75.7283211662,350.0163328712,347.5895031187
265,Debris265,99999,11274.833333333334,7133428.530833072,0.01292831729508786,98.0896459279,76.0864219012,20.7622945244,197.4078600903
266,Debris266,99999,11274.833333333334,7117840.401224837,0.00903347675689709,98.0634343296,75.8786990788,22.1912115923,245.1962466573
267,Debris267,99999,11274.833333333334,7148416.832260187,0.011376841036053466,98.0242062562,75.4987928647,44.0386718809,127.8132629891
268,Debris268,99999,11274.833333333334,7092847.20842775,0.008487716726215832,98.0343148986,75.6600716736,357.9670923292,348.1816597214
269,Debris269,99999,11274.833333333334,7119953.807761986,0.007239950237918127,98.1087537404,76.2708445205,38.6192407614,222.5275704332
270,Debris270,99999,11274.833333333334,7287042.33117249,0.028883874435594287,98.1531264716,76.4493255056,68.2266820432,43.0034113123
271,Debris271,99999,11274.833333333334,7232127.91192936,0.02225167074753639,98.1063910833,76.1062626839,57.7557723016,217.4546614111
272,Debris272,99999,11274.833333333334,7283571.504381553,0.029063495558190988,98.0130563006,75.2364052385,60.7013451607,60.2014529171
273,Debris273,99999,11274.833333333334,7119657.117771367,0.02681911035224047,98.0070654111,75.3923806385,355.3257274203,264.0541098239
274,Debris274,99999,11274.833333333334,7191850.932650234,0.03864605142916652,98.0866106048,75.9903769774,6.7767006822,27.6200490601
275,Debris275,99999,11274.833333333334,7113663.132257198,0.007177563938316456,98.0017872018,75.3513556362,28.2166077702,252.4461363016
276,Debris276,99999,11274.833333333334,7160448.8049985375,0.019135580384304247,98.0426247957,75.6433890691,20.5715711661,112.8455460957
277,Debris277,99999,11274.833333333334,7101896.097415563,0.012486865403318136,98.0238049354,75.5574481811,359.1267607652,317.9081959051
278,Debris278,99999,11274.833333333334,7302682.843587816,0.04088086720144042,98.0127777364,75.2152082380,32.2191693112,29.7945393937
279,Debris279,99999,11274.833333333334,7137210.551178543,0.008323130333237413,98.0671215651,75.8847708258,69.7363205527,137.6913688683
280,Debris280,99999,11274.833333333334,7204947.755559248,0.027880751457487928,98.0153250418,75.3527977114,22.5441575304,333.2923625591
281,Debris281,99999,11274.833333333334,7108848.436759861,0.01160955288488022,98.0184294392,75.5015790799,5.5385446273,289.6756214459
282,Debris282,99999,11274.833333333334,7106457.7096841475,0.005471106360460978,98.0394465110,75.6857822030,31.0632997802,272.5385794175
283,Debris283,99999,11274.833333333334,7158763.23346369,0.01163110573949023,98.0318283523,75.5510554645,60.1983782308,79.8640571567
284,Debris284,99999,11274.833333333334,7147814.4275475405,0.010912863172683342,98.2045241052,77.0787189759,47.8711800117,126.2321454463
285,Debris285,99999,11274.833333333334,7198378.845623223,0.022448957585839258,98.0104782550,75.3180192780,31.8576654949,344.8045176228
286,Debris286,99999,11274.833333333334,7226260.228456512,0.02055567693384263,98.8694331925,83.2990148945,72.4296215142,222.4384886508
287,Debris287,99999,11274.833333333334,7230272.400619688,0.03067066763898585,98.0180157772,75.3449443409,26.7776761059,252.0619085885
288,Debris288,99999,11274.833333333334,7298947.070409641,0.030346214830810493,98.2899896513,77.6534370414,71.2048457443,5.1502393293
289,Debris289,99999,11274.833333333334,7145424.860759595,0.009509375075628008,98.0483190131,75.7109134864,67.2218219171,114.4996929505
290,Debris290,99999,11274.833333333334,7368269.284686426,0.03940333071846683,98.0330932144,75.3123713068,73.9861003413,159.7636416164
291,Debris291,99999,11274.833333333334,7180063.343842171,0.06479968522221922,98.0830939925,75.9895327112,353.5523372181,73.7346308224
292,Debris292,99999,11274.833333333334,7133189.775047636,0.008035069334408586,98.0146273818,75.4359508992,58.5302215232,161.2115857109
293,Debris293,99999,11274.833333333334,7578792.436422183,0.06706693178444292,98.0268272816,75.0443131122,65.3999184580,300.7028383952
294,Debris294,99999,11274.833333333334,7142717.6282374915,0.015361916179913938,98.0593343121,75.8107576047,19.8386001303,169.0409171308
295,Debris295,99999,11274.833333333334,7211345.411736587,0.034051869073470485,98.0168369178,75.3597050880,15.8562485255,319.6718509826
296,Debris296,99999,11274.833333333334,7170073.970913591,0.013179104004826723,98.0428592742,75.6318560203,61.3334648206,43.7369770723
297,Debris297,99999,11274.833333333334,7221400.69304374,0.02007205864904346,98.2110033913,77.0412713014,66.3992166835,241.8558460391
298,Debris298,99999,11274.833333333334,7166472.939538926,0.013636788135772517,98.0046644291,75.3073005721,48.9640364593,66.8482842488
299,Debris299,99999,11274.833333333334,7101702.870883715,0.004667736377516063,98.0347530020,75.6515636537,29.6608680923,289.0110997147
300,Debris300,99999,11274.833333333334,7760243.567084062,0.08889100565600683,98.3629092480,77.8426433500,67.6369667870,184.9885837928
301,Debris301,99999,11274.833333333334,7158435.466276019,0.013094182925542687,98.1299077148,76.4055074837,43.2959057452,97.4859438364
302,Debris302,99999,11274.833333333334,7347474.527478246,0.03890508616386647,98.1229388435,76.1155037480,55.0476161689,237.6300154930
303,Debris303,99999,11274.833333333334,7283433.517484315,0.02824423018404481,98.0474973014,75.5329789819,71.8733875190,50.1223688206
304,Debris304,99999,11274.833333333334,7136362.669969992,0.00882149419941422,98.2156658709,77.1931549208,52.4022748088,157.6052820681
305,Debris305,99999,11274.833333333334,7106644.38020214,0.005107796281979976,98.0673145174,75.9272245736,36.1915527873,266.9319918210
306,Debris306,99999,11274.833333333334,7230190.871122481,0.0733404749420319,98.0741680905,75.8536461693,357.3126908656,276.1977425937
307,Debris307,99999,11274.833333333334,7867773.28606081,0.10041411869193459,98.0582749264,75.0647219090,75.1446919528,270.3006978971
308,Debris308,99999,11274.833333333334,7120448.957123414,0.015015057996938034,98.1355583974,76.5062785982,7.0231461280,251.5059147805
309,Debris309,99999,11274.833333333334,7109975.851215475,0.01262937491942144,98.0555249443,75.8210598395,4.4473220246,287.1490146868
310,Debris310,99999,11274.833333333334,7204020.161876135,0.01809654861357039,98.0400762761,75.5650126679,59.5298619565,301.1416849578
311,Debris311,99999,11274.833333333334,7113474.978800954,0.007973457044713929,98.0372190271,75.6572423808,22.6133606047,258.5713703485
312,Debris312,99999,11274.833333333334,7943475.102892773,0.110263824107289,98.0140735302,74.6302594788,67.0319400745,93.4154361972
313,Debris313,99999,11274.833333333334,7831946.032372103,0.1396936022278832,98.0615633957,75.1631870035,23.9974886552,37.8601474119
314,Debris314,99999,11274.833333333334,7131665.311728036,0.009317252557735134,98.1323313467,76.4620152148,38.0173439535,186.2936204494
315,Debris315,99999,11274.833333333334,7147233.477393758,0.010317814671426692,98.1397418652,76.5064292430,54.1970771519,121.7626904512
316,Debris316,99999,11274.833333333334,7390022.554818973,0.043946677198793756,98.0908653060,75.7887147529,58.5837474080,111.4082879764
317,Debris317,99999,11274.833333333334,7143054.752738417,0.010350014984682689,98.1270694572,76.4006682720,45.8608885261,142.9372915502
318,Debris318,99999,11274.833333333334,7516067.231400497,0.05839245630039859,98.1233456685,75.9390399695,72.1685200325,105.4415299614
319,Debris319,99999,11274.833333333334,7191235.014037388,0.018920620191506442,98.0790012161,75.9189249913,40.3601752625,358.7964910312
320,Debris320,99999,11274.833333333334,7331024.145699921,0.07163254953645946,98.0256993787,75.3098140812,10.1818801621,324.4089270258
321,Debris321,99999,11274.833333333334,7111850.3326482335,0.0057627774563373535,98.0075545904,75.4033025253,39.7048611971,246.8942910283
322,Debris322,99999,11274.833333333334,7114150.649512254,0.0069960249775603,98.1082099951,76.2739162563,30.6632183923,248.6667425188
323,Debris323,99999,11274.833333333334,7982975.668104065,0.1134778443874647,98.2632740760,76.7671703603,74.4512200568,353.8728319825
324,Debris324,99999,11274.833333333334,7164907.343385822,0.01520363486766635,98.1870519087,76.9013645354,37.0777055225,83.4701906039
325,Debris325,99999,11274.833333333334,7317120.441692767,0.03274899034795597,98.0250782329,75.3007602767,71.1965398945,311.2351470117
326,Debris326,99999,11274.833333333334,7132004.568875308,0.009032355692892253,98.0998654379,76.1770737794,41.1046965963,182.1594252561
327,Debris327,99999,11274.833333333334,7113329.645614392,0.005934196564502761,98.0975409469,76.1816530617,40.9741498972,241.1039869607
328,Debris328,99999,11274.833333333334,7245580.137207555,0.02361376399723509,98.0357439725,75.4766723548,62.8843900383,171.8465369050
329,Debris329,99999,11274.833333333334,7086344.040091146,0.010424079393366661,98.0888242604,76.1427750526,350.1007739157,16.5400911619
330,Debris330,99999,11274.833333333334,7475110.860932085,0.07870698078288253,98.1412380905,76.1527741263,24.7405728300,259.6848832631
331,Debris331,99999,11274.833333333334,7215229.3181193,0.01989767271334072,98.0690279005,75.8018374638,57.2964431430,269.1396343228
332,Debris332,99999,11274.833333333334,7122551.330337086,0.010578904969853205,98.0360280709,75.6350436163,20.0487805975,232.3288212575
333,Debris333,99999,11274.833333333334,7145761.43980989,0.011391374082354036,98.1327939297,76.4474466509,40.5156429644,139.6981953068
334,Debris334,99999,11274.833333333334,7588794.645085157,0.06732597136063957,98.2410464668,76.9039203594,74.8874558628,265.8493882611
335,Debris335,99999,11274.833333333334,8194190.211389021,0.13622202580215256,98.0151155552,74.4658690248,76.9144674153,228.5437749169
336,Debris336,99999,11274.833333333334,7471672.516568019,0.05355997270325091,98.0610489789,75.4439466323,64.7230816110,234.8762081186
337,Debris337,99999,11274.833333333334,11023552.341460794,0.3663110081689122,98.0534449454,73.8483128179,62.5900699874,208.9126065551
338,Debris338,99999,11274.833333333334,7151774.655991657,0.010357410818452876,98.0208106174,75.4649934201,69.1907358365,92.7636195804
339,Debris339,99999,11274.833333333334,7110070.931738155,0.005586881451667281,98.0579197264,75.8410092674,37.9198505601,254.3601485142
340,Debris340,99999,11274.833333333334,7534661.229287344,0.06637784043870311,98.0882292508,75.6186837887,50.2023591921,73.7054532780
341,Debris341,99999,11274.833333333334,7382793.145319722,0.04746116985985152,98.0342935957,75.3094447884,44.3634575297,144.9610909076
342,Debris342,99999,11274.833333333334,7158510.154933984,0.016659069552255677,98.0196478632,75.4470805707,26.1746680885,113.5621515881
343,Debris343,99999,11274.833333333334,7199869.902306237,0.022873773529225434,98.0429930152,75.5965257279,31.4628957022,340.6434500278
344,Debris344,99999,11274.833333333334,7424109.788416904,0.04775916879120477,98.0802047976,75.6593242564,62.3557614824,10.7723477924
345,Debris345,99999,11274.833333333334,7231526.122259779,0.023233199145447025,98.0557688408,75.6671311943,50.2535499745,226.3465829168
