leg,target,departure_s,arrival_s,dvx_km_s,dvy_km_s,dvz_km_s,dv_km_s,independent_error_km
1,17,816.81459179046,13006.3513672501,1.28884893568047,0.275196272048423,1.47240591840095,1.97606775078593,6.68634253965175e-09
2,19,13006.3513672501,33165.2982783747,-0.294018946434145,-0.366550190856242,-0.174780664506885,0.50135263434479,1.1048489678724e-08
3,34,33165.2982783747,44792.6092515332,0.11123005637408,-0.107170404743851,0.138854723834428,0.207697509433977,5.2654070758969e-09
4,7,44792.6092515332,68531.7957170423,0.429699933736977,-0.457923246011617,0.390447079477232,0.739448885430006,4.23530668045434e-08
5,18,68531.7957170423,92881.9800772154,0.0613486681212061,-0.0315652284857235,0.0409480531935364,0.0802294571210756,1.55099796042226e-07
6,3,92881.9800772154,106641.587099177,-0.0723281915135381,0.0569693669406055,-0.00668362832296193,0.0923122253268325,3.92711536642274e-08
7,9,106641.587099177,141080.271128973,-0.170020767830155,-0.441699567344472,-0.37776263066215,0.605565995091069,2.74131592758417e-07
8,1,141080.271128973,152596.639654568,-0.123403432360489,0.0372405477518885,-0.0659372544703445,0.144786004303929,1.90945805444545e-08
9,4,152596.639654568,193881.440135892,-0.214750747055003,-0.270082468901824,-0.165801853858065,0.382821992721888,5.5137917060902e-08
10,20,193881.440135892,235271.068065996,-0.235944625449341,0.16949394479881,-0.24535179413542,0.380257237258361,4.46159559470913e-07
11,33,235271.068065996,244297.608231043,-0.0572205576264087,-0.184812501421939,-0.0677684387303534,0.204993693036789,1.26061791756776e-07
12,2,244297.608231043,270175.719943035,-0.0263263374886589,0.382514890166884,-0.302839596288589,0.488592405103871,1.62676401070351e-07
13,21,270175.719943035,290194.216823748,0.16031418319901,-0.388393078045073,0.0588311995958475,0.424276950179925,4.85684042897592e-08
14,6,290194.216823748,336105.790810207,-0.0364756846511169,-0.0257296090457659,0.00611904704976274,0.0450547565659043,6.08886774048753e-08
15,11,336105.790810207,364975.094588613,-0.269586284092419,0.0885271675371417,-0.449257233421815,0.5313622923625,3.80155650618162e-07
16,5,364975.094588613,387362.202459036,-0.041470470660083,0.364025854993874,-0.2154540336347,0.425035367528694,4.33617553990271e-07
17,24,387362.202459036,413428.022963048,-0.186434671560799,-0.179852678333986,-0.224843277837603,0.343015119568582,3.68310753927871e-07
18,31,413428.022963048,437118.289226284,0.316032512444046,0.647550089559605,0.151383948973758,0.736284433773551,3.83817756230959e-08
19,22,437118.289226284,476392.557263061,0.107715370069195,0.110018579761939,0.0498271715351359,0.161831504550781,8.87795657333974e-08
20,28,476392.557263061,478473.056209582,0.398545491533852,-0.104981771295951,0.629686863524369,0.752572406630453,1.20248243690156e-07
21,26,478473.056209582,502437.183338607,0.237365704278505,-0.0519223340891291,0.382484830134314,0.453136901639856,3.50546953657419e-07
22,29,502437.183338607,520071.675307868,0.225881830699622,0.511882587014731,0.307789347550543,0.638577064100093,4.74432790791195e-07
23,16,520071.675307868,533717.41697989,0.156851443352188,0.332818473237621,-0.130758589289965,0.390471919711248,3.8698099757719e-07
24,35,533717.41697989,576852.695926285,-0.262518417672264,0.0666627961873774,-0.395647941598908,0.479475903152725,4.63295761222752e-07
25,15,576852.695926285,618798.080083659,-0.233708280693112,-0.264948838706567,-0.43988577363502,0.56419583607376,2.04595710609063e-06
26,27,618798.080083659,640810.940129376,0.0788934472971037,-0.154612220586143,0.217091528410481,0.277952957330189,1.05785238770278e-06
27,14,640810.940129376,654649.817404642,0.112614833140395,-0.198932878419884,0.14419208729076,0.270273470390502,1.43015021906898e-06
28,23,654649.817404642,680904.878209487,-0.719177188230854,-0.810945148150723,0.151943779262356,1.09450206643814,1.61168233703269e-06
29,30,680904.878209487,698680.630172146,0.0130025863831276,-0.13216537672619,0.138104711738664,0.191597665597068,4.50290745867443e-06
30,12,698680.630172146,719506.054214035,0.00379310508782216,0.0224395559745316,-0.00256149219154289,0.0229015842418977,4.98906424491253e-06
31,25,719506.054214035,736904.97312376,-0.916600254761984,-0.345093686693843,-0.276398970287588,1.0176650089306,2.69725532338043e-06
32,32,736904.97312376,769403.98416028,0.209894359019214,-0.356640619200278,-0.00276858417569148,0.413830687926816,1.58899559769918e-05
33,10,769403.98416028,789230.037619441,-0.231657764355542,-0.290712009470135,0.0397737056785563,0.373845877200453,1.16944851587046e-05
34,13,789230.037619441,820926.556639427,0.0115190031929364,-0.371902733228427,-0.287285885077524,0.470082450408553,2.46948685374618e-05
35,8,820926.556639427,844851.446498313,-0.0599388769716329,-0.395944815195941,0.0661555953950632,0.405883639058344,5.07711708050066e-06
