burn,time_day,dv_km_s
1,0.00213582391457935,1.98744791214851
2,0.168464507255338,0.27547224512312
3,0.38359300171648,0.00114458755836411
4,0.540151813675916,0.406331640545531
5,0.863365346594048,0.171899008814796
6,1.07567233417676,0.000147653426663382
7,1.34677182730979,0.367172171316147
8,1.63463137627614,0.32686448450687
9,1.85894300689737,0.232837485148422
10,2.3662272481209,0.35064354715186
11,2.82441804480374,0.552934095326464
12,3.126770073044,0.396108951267256
13,3.36027095160128,0.0397578438454268
14,3.88917529355585,0.529779049570876
15,4.22343229772694,0.430907090379973
16,4.48439726909167,0.332113000060031
17,4.78264392340418,0.736957957637482
18,5.07857251202887,0.119212942184252
19,5.5117814284716,0.788989992643386
20,5.58660105706854,0.312161504412068
21,5.88809945364628,0.546608333057774
22,6.02063949643809,0.0396760308177871
23,6.17597499124901,0.465934624339504
24,6.69752092700462,0.635347181047315
25,7.1616778083615,0.184592814902102
26,7.41748848079279,0.300649077248682
27,7.58437827899455,1.13250447049821
28,7.89439250564713,0.121193965438598
29,8.1216379585865,0.0260442374062088
30,8.35063614193215,1.09015072103624
31,8.52901459099351,0.19370784999476
32,8.90776951076612,0.404000712533007
33,9.32332844285954,0.454298518739132
34,9.57015271412514,0.0232460877469093
