target,semimajor_axis_km,period_h
1,42164.2339837352,23.9345243929446
2,42163.7810130811,23.9341387008416
3,42164.6920071187,23.9349143894149
4,42164.381998666,23.9346504240525
5,42163.9459991115,23.9342791816869
6,42164.8169971265,23.9350208159252
7,42164.1249967368,23.9344315933118
8,42164.5709941574,23.934811349431
9,42163.7620035521,23.9341225147937
10,42164.9359912329,23.9351221371911
11,42164.4879942108,23.9347406768127
12,26561.8429993646,11.9672892459965
13,26558.7719949609,11.9652138702963
14,26565.1939944855,11.9695539754804
15,26562.737991635,11.967894101706
16,26559.9279969545,11.9659950789456
17,26563.4810030466,11.9683962531075
18,26567.0520031455,11.9708097496981
19,26557.8840088911,11.9646137942971
20,26560.6209990781,11.9664634074418
21,26564.9110055747,11.9693627153287
22,26561.274994027,11.9669053806246
23,26566.3379923205,11.9703271652746
24,26559.11600862,11.9654463477431
25,26562.9439992397,11.9680333276761
26,26565.731999611,11.9699175930391
27,26579.483003071,11.9792126320201
28,26576.925994847,11.977484031326
29,16731.274000072,5.9827657278609
30,16734.8130029005,5.98466404215762
31,14441.23800019,4.79750148798097
32,27324.8609988938,12.4866351445625
33,26571.4920031006,11.9738107948665
34,26609.3369912194,11.9994008167126
35,42164.672006864,23.9348973596097
