legs,target,departure_s,arrival_s,dv_x_km_s,dv_y_km_s,dv_z_km_s,dv_norm_km_s,independent_error_km
1,12,180.399368668632,11840.2816908296,-1.85394440871321,-0.0848550294051469,0.628640962614474,1.95946413758741,6.737317373308e-08
2,14,11840.2816908296,31157.1648560643,-0.0468736882548004,0.455787726010373,-0.0966612288909198,0.46827661376906,1.70906397782074e-08
3,31,31157.1648560643,71537.4235297097,0.508603153660791,-0.634888233948769,0.100997606607826,0.819732123355427,7.6133661910938e-08
4,11,71537.4235297097,111160.552353224,0.14502645627525,0.970328295536128,0.218982913760994,1.00524782549233,3.60219078173181e-07
5,4,111160.552353224,144137.560952375,0.0275056428500178,0.0759253953222506,-0.149009334542059,0.169484535648831,4.24222753390917e-07
6,27,144137.560952375,174799.828644801,0.239995377941776,0.0472614402232276,-0.00636615904543358,0.244687460133088,9.7337811538134e-07
7,13,174799.828644801,189472.190946393,-0.168972025354391,0.0328943612033892,-0.331634506026321,0.373650946658329,8.71781631184072e-07
8,16,189472.190946393,221203.24972001,0.250472072926194,-0.122730053032133,-0.218322171648001,0.35420826623092,5.84142920957096e-07
9,9,221203.24972001,259116.957764651,0.294863478917266,0.189800892532824,-0.135354521479003,0.375885217174418,6.80403380091933e-07
10,26,259116.957764651,295753.215075991,-0.00562825173245507,-0.383070536699375,-0.239840928855489,0.45199378807565,5.83900049392828e-07
11,3,295753.215075991,310622.863921793,-0.187724610615347,0.504953261228065,0.368444391023508,0.652663462078448,1.26872688142991e-06
12,30,310622.863921793,347508.828517756,-0.360651669654402,-0.0193085127616173,0.107574454418288,0.376848389585209,8.35733074600071e-06
13,29,347508.828517756,382796.840768235,0.061770502356493,-0.346926191010267,-0.470226080072969,0.587610366953355,1.17873327046483e-06
14,28,382796.840768235,395298.745494089,0.0358760533446505,-0.236437835246359,-0.139054124557246,0.276633314508493,5.30324521993851e-06
15,25,395298.745494089,420175.885090448,0.575594805838606,0.430324140755687,0.0654895805259967,0.721648897860292,2.53324279756126e-06
16,22,420175.885090448,438413.300236635,-0.0513693691416885,0.0751275131291733,0.0607871889327568,0.109444221653479,1.31578633763744e-06
17,32,438413.300236635,455086.857176547,0.417990827061994,0.214721559140121,0.429192035266204,0.63641769507414,9.41740793915177e-06
18,19,455086.857176547,491275.510881394,-0.171812037479715,-0.218650093644079,-0.147438980686414,0.31474671197543,5.16414686795993e-06
19,34,491275.510881394,510540.150760246,-0.0209516993709191,0.0103778297613344,0.0119686710242373,0.026266369051908,7.11754389278862e-07
20,33,510540.150760246,521754.629326736,0.416049558406741,-0.36465632599394,-0.136818085401218,0.569904079324492,2.96361106814873e-06
21,10,521754.629326736,541922.48551958,0.0148691636040075,-0.404341420083249,-0.320652597336,0.516266563123687,5.52323522942907e-06
22,20,541922.48551958,563965.515011223,-0.428110638867072,-0.180961606654089,0.0168394140866823,0.465090730998571,7.31322596455463e-06
23,8,563965.515011223,600310.759149277,-0.147095503527999,-0.102701784457117,-0.0338365214520725,0.182564108939321,6.58109451928609e-06
24,24,600310.759149277,634229.735323546,0.0631331738932265,0.0658927774396476,0.052094215846378,0.105078366418556,2.07942985315153e-05
25,1,634229.735323546,658078.689249359,0.0891923037757016,0.118729510262398,0.0523310208058847,0.157449990151006,1.21971166784496e-05
26,6,658078.689249359,669977.815040181,0.649349374829019,-0.0713808239633744,0.146632626243403,0.669515466363224,1.57030188137371e-05
27,7,669977.815040181,692605.440406731,0.118399979320015,0.76874241593122,0.560806597468356,0.958899106746264,4.31659150895033e-05
28,17,692605.440406731,715900.528283133,0.0298306061349258,0.446603564001538,0.239664418039954,0.507723981820519,0.000145449390113077
29,23,715900.528283133,731020.280546483,-0.0785397669776633,0.169608157085666,0.264812144841247,0.324130982786779,0.000109970104085382
30,35,731020.280546483,760626.263898657,-0.0846743145950639,0.00664579503096618,0.0425870165505686,0.0950134733730742,9.18387344341548e-05
31,18,760626.263898657,783361.407843106,0.234141208064653,-0.0259800303812403,-0.0284279702358439,0.237287203161728,8.71679036421547e-05
32,5,783361.407843106,800610.834214,-0.327582103420171,-0.541502109255645,-0.021019268866024,0.633226956527561,5.19571687435425e-05
33,21,800610.834214,832937.88964559,0.314098598180335,0.0600297436334662,0.0144769709830177,0.320111046651618,0.00025175092757781
34,15,832937.88964559,845035.013794748,0.404828141843566,-0.318657327965209,-0.477385052129364,0.702370845843559,0.000181408580621892
35,2,845035.013794748,864000,1.06319747464507,-1.05857682581124,-0.721670385263087,1.6648669349837,0.000320602017210223
