target,time_s,independent_distance_km,tight_distance_km
17,8937.32392788446,8.93307339978567e-10,7.29792427885951e-10
19,33142.4353483038,9.14116701318575e-09,5.43868759926228e-09
34,44771.8507690069,2.57192731850064e-08,1.95938173086708e-08
7,67879.4152963447,2.29025183769961e-08,2.53645788182549e-08
18,92938.0896728721,3.63691581628415e-08,4.49853178260744e-08
3,105912.031958839,2.08927048499577e-08,3.43663882366673e-08
9,141232.150910259,3.77507845883842e-08,6.64551329310764e-08
1,152620.553294046,3.97110462928667e-08,5.31097080826117e-08
4,193915.724161048,2.79483506716123e-08,3.54631194822904e-08
20,235094.118038689,1.30979116829278e-05,1.31071267070259e-05
33,244029.719071043,2.33613108650468e-08,8.57536525130947e-08
2,270152.934311002,9.17341369145668e-09,3.68102304614363e-08
21,290327.410218351,2.63512148226632e-08,2.81832704460236e-08
6,336024.745363225,6.24666835638887e-07,6.46569467621867e-07
11,364904.550523607,1.47008516933656e-07,1.13701365832955e-07
5,387451.924049521,1.63967625322359e-07,1.29647039038206e-07
24,413220.434982121,1.15697411582021e-07,8.29298704516362e-08
31,437081.652963054,2.80454699771956e-08,1.82843561955088e-07
22,476217.915419946,5.79598322611876e-08,4.48550323441333e-08
28,478109.783263306,6.59491077291853e-08,1.71007521887687e-07
26,502398.24943619,8.51833504344108e-08,9.00574418306396e-08
29,520183.252492251,1.06770936649515e-07,2.11724003073195e-07
16,533604.239243914,5.14418728960938e-08,1.19625190920813e-07
35,576560.800787652,2.31448033668015e-07,5.88279905277697e-07
15,618768.962642434,1.04686674671464e-06,1.68920242637441e-06
27,640871.004740497,1.08164698042534e-06,1.63276794492948e-06
14,654775.054516893,1.55885883459455e-06,2.41363513471506e-06
23,680868.367527862,9.15268428969128e-07,1.42434812331964e-06
30,698708.728913261,2.90105095466555e-06,4.41327600961327e-06
12,719503.960032019,3.42243497331295e-06,5.24194960382808e-06
25,736906.860661839,2.17037182206925e-06,3.36547898256395e-06
32,769144.221344822,1.19290937905748e-05,1.80722937290189e-05
10,789301.371196791,7.53286945526471e-06,1.14680679381899e-05
13,821256.39302542,8.23952395623327e-06,1.27937176748391e-05
8,843692.662011343,2.50812542192963e-06,3.81586647742035e-06
