task,source,targets,entry_s,exit_s,local_dv_km_s,whole_mission_dv_km_s
0,retained_global_best,20 -> 33,204442.034237646,244029.719071043,0.35064354715186,13.9768377878737
3,task_best,10 -> 23,330452.156115289,370276.334334024,0.191669108837998,16.2620931138495
5,task_best,15 -> 23,523356.640825789,559011.355713748,0.942129945901946,18.1645521555603
7,task_best,29 -> 15,511904.91073455,532823.621595392,0.79497326547287,17.2043007029988
7,final_working,20 -> 33,203633.999197972,244052.246609168,0.358929535008285,27.0591204001874
10,task_best + final_working,17 -> 23,701246.246368732,730454.160071783,0.662345767829228,15.7551936753829
11,final_working,23 -> 30,655569.53552851,699889.365885158,2.63652296721826,31.6345301088952
14,task_best + final_working,9 -> 26,397944.059098774,449870.037445893,1.01990098897949,27.3581334648229
16,task_best + final_working,7 -> 28,227374.272034275,269767.485242202,0.0921946411421789,15.9800089775264
