time_s,dvx,dvy,dvz,dv_km_s
184.535186219656,1.14969543342136,-0.0540445766338934,1.62025578153883,1.98744791214851
14555.3334268612,-0.184398908770797,0.11745543263763,-0.167589443644935,0.27547224512312
33142.4353483038,0.000361868434241686,-0.000722700590495728,0.000810454052712739,0.00114458755836411
46669.1167015991,0.125294453333263,-0.275956455078633,0.270656123102315,0.406331640545531
74594.7659457258,0.114239177783451,-0.128335005638779,0.0053671052314066,0.171899008814796
92938.0896728721,-3.59443902131495e-05,0.00014158920368601,2.14949439916734e-05,0.000147653426663382
116361.085879566,-0.0197474470310433,-0.168185063408577,-0.325790156651522,0.367172171316147
141232.150910259,-0.257275386228059,-0.0286455441860558,-0.199572542378529,0.32686448450687
160612.675795933,-0.163803841314209,-0.102783754930031,-0.129680745615664,0.232837485148422
204442.034237646,-0.221636806863396,0.139161763140085,-0.233371006516189,0.35064354715186
244029.719071043,-0.128239363878271,0.432085549004334,-0.320301198355883,0.552934095326464
270152.934311002,0.133140155938905,-0.362660750827649,0.0874824551537934,0.396108951267256
290327.410218351,-0.029230462831731,-0.0269340184858073,0.000908205971311915,0.0397578438454268
336024.745363225,-0.305971806536731,0.0836290314735265,-0.42432685522327,0.529779049570876
364904.550523607,-0.0449040955896572,0.358251799487453,-0.235202446634833,0.430907090379973
387451.924049521,-0.167544065606716,-0.163783387703452,-0.235378488399487,0.332113000060031
413220.434982121,0.308893117063535,0.646750611924982,0.171480959673788,0.736957957637482
438788.665039294,0.0918720429791633,0.075968278167201,-0.000272057661775627,0.119212942184252
476217.915419946,0.414974752792362,-0.0680421374920837,0.667586271999235,0.788989992643386
482682.331330722,0.149453289656442,-0.149803863128221,0.229493620041024,0.312161504412068
508731.792795039,0.355450494734359,0.341323913551125,0.236502857486842,0.546608333057774
520183.252492251,-0.00148765789851302,0.0194560127921407,-0.0345461699999152,0.0396760308177871
533604.239243914,-0.305902339267427,0.0141772447334984,-0.351166397482557,0.465934624339504
578665.8080932,-0.230353720584146,-0.342609334443672,-0.482930686361795,0.635347181047315
618768.962642434,0.064493048998004,-0.0426961451930064,0.167607258584109,0.184592814902102
640871.004740497,0.129851617951752,-0.236367026389988,0.132887372618135,0.300649077248682
655290.283305129,-0.719695134655082,-0.850161040641285,0.204527489174353,1.13250447049821
682075.512487912,-0.0178709491346724,-0.102716099274219,0.06179004277104,0.121193965438598
701709.519621874,0.0112835873633645,0.0226072562769151,-0.00631624270545172,0.0260442374062088
721494.962662938,-0.952025755908312,-0.525037730433525,-0.0800683226017767,1.09015072103624
736906.860661839,0.152553563700394,-0.101416332412926,0.0629672047324101,0.19370784999476
769631.285730193,-0.223736550823874,-0.335340565206658,0.0265562964189798,0.404000712533007
805535.577463064,-0.0891041183246316,-0.427894142677835,-0.123912077248992,0.454298518739132
826861.194500412,-0.00477131982766466,-0.0222081328001043,-0.00494104646528193,0.0232460877469093
