task,initial_dv_km_s,changed_positions_from_baseline,time_rms_s,nearest_order_hamming
1,16.2879516533192,0,747.375802868977,2
2,16.3923721262385,35,20007.164652395,2
3,16.9956026879723,35,46678.8040959378,2
4,18.0344101800799,35,49543.099516327,2
5,18.6441849883658,35,31813.1283155051,4
6,18.827757000788,34,23864.6113333111,32
7,23.9733424927321,2,0,2
8,25.5395390485348,35,20007.164652395,2
9,63.3657540342012,35,95468.7966485148,34
10,19.3873482944066,34,49543.099516327,2
11,27.2121284843035,2,0,2
12,33.0702475520271,35,46678.8040959378,2
13,27.2253252127874,35,49543.099516327,2
14,36.3987682436204,35,31813.1283155051,4
15,23.5164197321198,35,46678.8040959378,2
16,26.4356023896505,35,20007.164652395,2
