task,a_km,ec,es,inclination_rad,raan_rad,u_rad,slot_time_rms_s,per_target_time_rms_s
1,6977.79798605485,8.63348511087765e-05,0.000146007942601141,0.940275668126676,4.29940510936079,5.91512968744861,747.375802868977,747.375802868977
2,6973.63965682155,-0.000355287816318818,0.000714193436418254,0.0251188876233788,4.62700721758269,4.5558638397431,20007.164652395,370141.018408805
3,6978.93517060236,3.91224788659284e-05,0.000588200457900237,0.00550581219044223,1.11571630057252,2.04498584492314,46678.8040959378,354716.300317552
4,6983.33180537766,-0.000686321720993179,0.000255176275499602,0.958360292193195,0.267384441451836,1.02659359114581,49543.099516327,402585.911288294
5,6971.99147388311,0.000291873086911349,-0.000140378203278705,0.99816894261867,1.15473447188197,2.89257919618572,31813.1283155051,391741.348645163
6,6976.99811795411,-2.95894683637955e-05,0.00043686113478412,0.960692052165354,0.592155308584523,4.10643193008873,23864.6113333111,340910.723616856
7,6988.1363,0.000972582116304902,0.000232553369381595,0.975247947500267,4.31316708042386,0,0,20358.2627823921
8,6973.63965682155,-0.000355287816318818,0.000714193436418254,0.0251188876233788,4.62700721758269,4.5558638397431,20007.164652395,372882.223591913
9,6973.33186395234,0.000700146558250175,-0.0003069105590153,0.00610865240734481,2.50501872231102,5.37593423509802,95468.7966485148,348236.118433747
10,6983.33180537766,-0.000686321720993179,0.000255176275499602,0.958360292193195,0.267384441451836,1.02659359114581,49543.099516327,391705.685727138
11,6988.1363,0.000972582116304902,0.000232553369381595,0.975247947500267,4.31316708042386,0,0,15373.0791273139
12,6978.93517060236,3.91224788659284e-05,0.000588200457900237,0.00550581219044223,1.11571630057252,2.04498584492314,46678.8040959378,352258.66451751
13,6983.33180537766,-0.000686321720993179,0.000255176275499602,0.958360292193195,0.267384441451836,1.02659359114581,49543.099516327,402541.43478937
14,6971.99147388311,0.000291873086911349,-0.000140378203278705,0.99816894261867,1.15473447188197,2.89257919618572,31813.1283155051,390403.080321969
15,6978.93517060236,3.91224788659284e-05,0.000588200457900237,0.00550581219044223,1.11571630057252,2.04498584492314,46678.8040959378,355843.927769778
16,6973.63965682155,-0.000355287816318818,0.000714193436418254,0.0251188876233788,4.62700721758269,4.5558638397431,20007.164652395,369728.525245148
