task,initial_dv_km_s,best_dv_km_s,seconds,trials,merge_trials,merge_accepted_in_chain,connection_accepted_in_chain,successful_restarts,best_burns,seed
1,16.2879516533192,14.3534873980096,480.8583725,58,32,0,25,0,35,20348840
2,16.3923721262385,14.8076372935769,480.0747138,56,28,0,24,0,35,20356759
3,16.9956026879723,16.2620931138495,480.0645821,42,25,3,17,3,34,20364678
4,18.0344101800799,18.0344101800799,480.3097377,181,103,0,13,3,35,20372597
5,18.6441849883658,18.1645521555603,480.4729863,71,37,1,21,1,34,20380516
6,18.827757000788,17.2958296559177,480.2168908,1287,755,0,18,1,35,20388435
7,23.9733424927321,17.2043007029988,480.9833056,49,25,2,24,2,34,20396354
8,25.5395390485348,19.2920693572235,480.3928027,59,32,0,25,0,35,20404273
9,63.3657540342012,50.9365406688429,481.9492034,54,25,0,24,0,35,20412192
10,19.3873482944066,15.7551936753829,481.6387593,43,20,1,23,0,34,20420111
11,27.2121284843035,23.5220458970107,481.4064547,49,27,1,22,2,35,20428030
12,33.0702475520271,21.4833212664999,480.1634519,48,23,0,24,0,35,20435949
13,27.2253252127874,25.9287045252024,480.2407815,51,29,0,21,2,35,20443868
14,36.3987682436204,27.3581334648229,481.0259159,46,23,1,22,0,34,20451787
15,23.5164197321198,18.3374664769323,482.0763136,54,22,0,30,1,35,20459706
16,26.4356023896505,15.9800089775264,480.0604054,57,29,1,25,0,34,20467625
