window,source,arm,status,baseline_km_s,budget_best_km_s,final_best_km_s,budget_replacement_km_s,feasible_replacement_trials,elapsed_s,replacement_prefix_km_s,replacement_core_km_s,replacement_suffix_km_s,replacement_visits,replacement_max_miss_m,replacement_min_altitude_km,replacement_days,replacement_burns
1,1,R,completed,13.9766348756944,13.9766348756944,13.9766321379256,NaN,1,3.698669,NaN,NaN,NaN,NaN,NaN,NaN,NaN,NaN
1,1,S,completed,13.9766348756944,13.9766348756944,13.9766348756944,NaN,0,2.5708606,NaN,NaN,NaN,NaN,NaN,NaN,NaN,NaN
1,1,D,completed,13.9766348756944,13.9766348756944,13.9766348756944,NaN,0,2.5660909,NaN,NaN,NaN,NaN,NaN,NaN,NaN,NaN
1,1,P,completed,13.9766348756944,13.9766348756944,13.9766321379317,NaN,1,3.8499456,NaN,NaN,NaN,NaN,NaN,NaN,NaN,NaN
2,1,R,completed,13.9766348756944,13.9766348756944,13.9766345687898,NaN,1,3.6441785,NaN,NaN,NaN,NaN,NaN,NaN,NaN,NaN
2,1,S,completed,13.9766348756944,13.9766348756944,13.9766348756944,NaN,0,2.4825791,NaN,NaN,NaN,NaN,NaN,NaN,NaN,NaN
2,1,D,completed,13.9766348756944,13.9766348756944,13.9766348756944,NaN,0,2.4324403,NaN,NaN,NaN,NaN,NaN,NaN,NaN,NaN
2,1,P,completed,13.9766348756944,13.9766348756944,13.9766345688086,NaN,1,3.9853412,NaN,NaN,NaN,NaN,NaN,NaN,NaN,NaN
3,1,R,completed,13.9766348756944,13.9766348756944,13.9766347681174,NaN,1,3.6302728,NaN,NaN,NaN,NaN,NaN,NaN,NaN,NaN
3,1,S,completed,13.9766348756944,13.9766348756944,13.9766348756944,NaN,0,2.31492,NaN,NaN,NaN,NaN,NaN,NaN,NaN,NaN
3,1,D,completed,13.9766348756944,13.9766348756944,13.9766348756944,NaN,0,2.5822192,NaN,NaN,NaN,NaN,NaN,NaN,NaN,NaN
3,1,P,completed,13.9766348756944,13.9766348756944,13.9766347681189,NaN,1,4.010277,NaN,NaN,NaN,NaN,NaN,NaN,NaN,NaN
4,1,R,completed,13.9766348756944,13.9766348756944,13.9766345687898,NaN,1,3.6472274,NaN,NaN,NaN,NaN,NaN,NaN,NaN,NaN
4,1,S,completed,13.9766348756944,13.9766348756944,13.9766348756944,NaN,0,2.3041889,NaN,NaN,NaN,NaN,NaN,NaN,NaN,NaN
4,1,D,completed,13.9766348756944,13.9766348756944,13.9766348756944,NaN,0,2.7737714,NaN,NaN,NaN,NaN,NaN,NaN,NaN,NaN
4,1,P,completed,13.9766348756944,13.9766348756944,13.9766348162952,NaN,1,3.7692956,NaN,NaN,NaN,NaN,NaN,NaN,NaN,NaN
