序号,名称,历元 (UTC),半长轴 a (km),平均轨道高度 (km),偏心率 e,倾角 i (°),升交点赤经 Ω (°),近地点幅角 ω (°),真近点角 ν (°),平近点角 M (°),纬度幅角 u (°),周期 (h),每天圈数 (rev/day),近地点高度 (km),远地点高度 (km),轨道类型,X (km),Y (km),Z (km),Vx (km/s),Vy (km/s),Vz (km/s),|r| (km),|v| (m/s),半通径 p (km),比角动量 (km²/s),比能量 (km²/s²)
1,Target1,2035-01-01 12:00:00,42164.234,35786.0977,0.00031,0.12,37.284,4.731,112.643,112.61021177,117.374,23.934524,1.002735613,35773.026787,35799.168613,GEO带·赤道·近圆,-38111.224188,18049.242528,78.429432,-1.316656376,-2.778069986,-0.002958893,42169.262694,3074.291076,42164.229948,129640.582661,-4.726760143
2,Target2,2035-01-01 12:00:00,42163.781,35785.6447,0.00112,0.35,143.527,359.284,241.728,241.841077397,241.012,23.934139,1.002751773,35738.421265,35832.868135,GEO带·赤道·近圆,38375.398031,17519.865798,-225.414492,-1.279049555,2.79420205,-0.009081225,42186.107706,3073.046587,42163.72811,129639.811169,-4.726810927
3,Target3,2035-01-01 12:00:00,42164.692,35786.5557,0.00074,0.22,278.614,12.847,53.916,53.847492722,66.763,23.934914,1.002719275,35755.353828,35817.757572,GEO带·赤道·近圆,40780.810735,-10640.204974,148.702267,0.77832596,2.975878897,0.004666303,42146.299938,3075.982491,42164.668911,129641.25749,-4.726708801
4,Target4,2035-01-01 12:00:00,42164.382,35786.2457,0.05482,55.1,18.374,270.421,42.812,38.669220635,313.233,23.93465,1.002730333,33474.794279,38097.697121,GEO带·倾斜·轻椭圆,31580.150337,-7261.521571,-24148.128923,1.908686318,1.906322564,1.730887062,40412.469874,3205.170698,42037.668233,129445.869449,-4.726743552
5,Target5,2035-01-01 12:00:00,42163.946,35785.8097,0.07136,54.85,136.528,89.724,211.305,215.755437298,301.029,23.934279,1.002745887,32776.990513,38794.628887,GEO带·倾斜·轻椭圆,-1548.693114,31836.869892,-31300.02253,-2.38708378,1.00165478,1.300072321,44672.991228,2896.837812,41949.236663,129309.644862,-4.726792429
6,Target6,2035-01-01 12:00:00,42164.817,35786.6807,0.04217,55.22,251.836,268.611,318.427,321.558882161,227.038,23.935021,1.002714816,34008.590367,37564.771033,GEO带·倾斜·轻椭圆,-7515.28035,31731.551,-24525.119677,-1.880918545,-1.889582782,-1.725173747,40802.601176,3175.626257,42089.834931,129526.162554,-4.726694788
7,Target7,2035-01-01 12:00:00,42164.125,35785.9887,0.07521,43.25,72.634,271.884,154.722,150.845763664,66.606,23.934432,1.002739501,32614.824859,38957.152541,GEO带·倾斜·轻椭圆,-23370.354507,26023.010783,28289.178755,-1.631855916,-2.211907964,0.844071046,44984.977433,2875.403711,41925.621767,129273.242965,-4.726772363
8,Target8,2035-01-01 12:00:00,42164.571,35786.4347,0.07304,43.05,194.163,269.772,289.241,296.996723742,199.013,23.934811,1.002723591,32706.734434,38866.134966,GEO带·倾斜·轻椭圆,35157.088902,18927.432432,-9107.777829,-1.713463135,1.764987244,-1.990286524,40953.879126,3164.233926,41939.629693,129294.837143,-4.726722365
9,Target9,2035-01-01 12:00:00,42163.762,35785.6257,0.23564,29.12,318.472,181.334,96.523,69.401840483,277.857,23.934123,1.002752451,25850.156822,45721.094578,GEO带·低倾·中椭圆,-19289.115528,-30217.788486,-19725.374849,2.178074448,-2.293932364,-0.152229512,40917.907226,3166.908242,39822.568114,125989.258398,-4.726813057
10,Target10,2035-01-01 12:00:00,42164.936,35786.7997,0.22837,29.02,141.768,179.842,257.087,283.380234714,76.929,23.935122,1.002710571,26157.593266,45416.006134,GEO带·低倾·中椭圆,-29681.979063,-22284.699296,19901.375808,2.421779529,-1.900171175,-0.003387063,42115.228396,3078.258933,39965.914127,126215.811275,-4.726681448
11,Target11,2035-01-01 12:00:00,42164.488,35786.3517,0.06371,55.04,33.928,91.218,35.744,31.640103557,126.962,23.934741,1.002726552,33100.05217,38472.65123,GEO带·倾斜·轻椭圆,-30124.562385,1768.391721,26147.304918,-1.611633454,-2.366306306,-1.521643414,39928.661669,3242.247154,41993.343857,129377.607805,-4.726731669
12,Target12,2035-01-01 12:00:00,26561.843,20183.7067,0.00182,54.91,15.284,41.723,112.638,112.44541049,154.361,11.967289,2.005466694,20135.364146,20232.049254,MEO·倾斜·近圆,-24858.532035,61.032311,9410.951982,-1.093017615,-2.376816571,-2.853355078,26580.375412,3871.121249,26561.755017,102895.710681,-7.50325272
13,Target13,2035-01-01 12:00:00,26558.772,20180.6357,0.00231,54.87,18.932,132.547,244.281,244.519662113,16.828,11.965214,2.005814543,20119.284937,20241.986463,MEO·倾斜·近圆,22633.384298,12445.327189,6294.512343,-1.758277077,1.649060865,3.027766642,26585.2805,3870.182277,26558.63028,102889.658154,-7.504120324
14,Target14,2035-01-01 12:00:00,26565.194,20187.0577,0.00146,55.08,21.441,274.183,58.917,58.773798732,333.1,11.969554,2.005087244,20148.272517,20225.842883,MEO·倾斜·近圆,24547.647668,2254.359375,-9847.573588,0.91358247,2.483500842,2.832823171,26545.128513,3876.505705,26565.137374,102902.26181,-7.502306241
15,Target15,2035-01-01 12:00:00,26562.738,20184.6017,0.00305,55.02,123.674,12.416,178.392,178.382170016,190.808,11.967894,2.005365337,20103.585349,20265.618051,MEO·倾斜·近圆,16894.662873,-20191.592792,-4093.639257,1.408513502,1.80825246,-3.108229456,26643.722252,3861.96551,26562.4909,102897.136015,-7.502999907
16,Target16,2035-01-01 12:00:00,26559.928,20181.7917,0.00177,55.11,126.482,221.673,315.527,315.66896065,177.2,11.965995,2.005683592,20134.780627,20228.802773,MEO·倾斜·近圆,15156.982353,-21743.572049,1062.886817,1.891732839,1.169195847,-3.178037101,26526.34102,3878.864767,26559.84479,102892.01067,-7.503793713
17,Target17,2035-01-01 12:00:00,26563.481,20185.3447,0.00264,54.96,247.184,73.829,29.614,29.46476457,103.443,11.968396,2.0052812,20115.21711,20255.47229,MEO·倾斜·近圆,16030.61982,-59.672441,21104.419411,0.989688822,3.681706714,-0.734997615,26502.468777,3882.611207,26563.295863,102898.695127,-7.502790043
18,Target18,2035-01-01 12:00:00,26567.052,20188.9157,0.00128,55.04,250.833,198.274,241.056,241.184415838,79.33,11.97081,2.004876905,20154.909873,20222.921527,MEO·倾斜·近圆,12523.277152,-9563.8268,21409.856103,1.634858118,3.459959162,0.583905398,26583.475921,3871.049468,26567.008473,102905.885675,-7.501781558
19,Target19,2035-01-01 12:00:00,26557.884,20179.7477,0.00331,56.02,62.917,351.728,94.382000001,94.003739643,86.11,11.964614,2.005915145,20091.841104,20267.654296,MEO·倾斜·近圆,-12367.953742,8348.472323,21977.246441,-1.896016363,-3.36962976,0.228466593,26564.311228,3873.174376,26557.593029,102887.648951,-7.504371235
20,Target20,2035-01-01 12:00:00,26560.621,20182.4847,0.00195,55.96,66.481,178.936,201.744,201.826893218,20.68,11.966463,2.005605097,20130.691489,20234.277911,MEO·倾斜·近圆,5111.019388,24925.274513,7786.648401,-2.402362518,-0.446641505,2.997017148,26608.715153,3866.903941,26560.520003,102893.318538,-7.50359793
21,Target21,2035-01-01 12:00:00,26564.911,20186.7747,0.00272,55.34,278.451,44.287,326.198,326.371106721,10.485,11.969363,2.005119285,20114.518142,20259.031258,MEO·倾斜·近圆,6543.449586,-25376.133642,3967.358906,2.04220637,1.023513108,3.139209652,26504.807635,3882.373395,26564.714462,102901.442716,-7.502386165
22,Target22,2035-01-01 12:00:00,26561.275,20183.1387,0.00163,55.27,281.762,169.421,82.653,82.467778317,252.074,11.966905,2.005531023,20139.843822,20226.433578,MEO·倾斜·近圆,-15758.488197,5067.615451,-20765.184471,0.082622264,-3.746475966,-0.985014514,26555.669126,3874.682206,26561.204429,102894.644235,-7.503413174
23,Target23,2035-01-01 12:00:00,26566.338,20188.2017,0.00242,55.14,284.916,291.735,207.481,207.609172979,139.216,11.970327,2.004957731,20123.911162,20252.492238,MEO·倾斜·近圆,4416.194715,22037.91942,14269.88508,-2.267022422,2.005543445,-2.403772329,26623.341044,3865.192956,26566.182417,102904.285821,-7.501983177
24,Target24,2035-01-01 12:00:00,26559.116,20180.9797,0.00314,55.33,288.204,11.927,41.862,41.622300504,53.789,11.965446,2.005775574,20097.584076,20264.375324,MEO·倾斜·近圆,16442.82641,-11070.641993,17582.93339,0.265881671,3.380528429,1.892054669,26496.890404,3883.109114,26558.854138,102890.091773,-7.504023129
25,Target25,2035-01-01 12:00:00,26562.944,20184.8077,0.00154,55.18,91.387,224.618,279.031,279.205251729,143.649,11.968033,2.005342009,20143.900766,20225.714634,MEO·倾斜·近圆,-8467.6587,-21599.891923,12922.425089,1.83885304,-2.248046023,-2.564784204,26556.461457,3874.688302,26562.881003,102897.891599,-7.50294172
26,Target26,2035-01-01 12:00:00,26565.732,20187.5957,0.00286,55.09,94.624,307.244,155.782,155.647297838,103.026,11.969918,2.005026335,20111.617706,20263.573694,MEO·倾斜·近圆,-14318.373425,-7181.013673,21280.031407,0.797725132,-3.712836293,-0.710467016,26634.986608,3863.454685,26565.514703,102902.992616,-7.502154307
27,Target27,2035-01-01 12:00:00,26579.483,20201.3467,0.00112,53.13,87.421,5.287,214.831,214.904354412,220.118,11.979213,2.003470574,20171.577679,20231.115721,MEO·倾斜·近圆,9359.726354,-20786.726275,-13714.059924,1.884722513,2.412562297,-2.365665656,26603.907726,3868.980458,26579.449659,102929.977989,-7.498273038
28,Target28,2035-01-01 12:00:00,26576.926,20198.7897,0.00147,53.18,267.284,188.724,72.641,72.480275524,261.365,11.977484,2.003759715,20159.721619,20237.857781,MEO·倾斜·近圆,-15533.476741,4729.856493,-21024.99311,-0.532912596,-3.808719547,-0.469967183,26565.217435,3874.430226,26576.86857,102924.980183,-7.498994457
29,Target29,2035-01-01 12:00:00,16731.274,10353.1377,0.00236,45.12,41.682,120.341,33.274,33.125846326,153.615,5.982766,4.011522612,10313.651893,10392.623507,MEO·倾斜·近圆,-14653.968685,-6036.83999,5258.209915,0.427058577,-3.756403543,-3.102419604,16698.233643,4890.598532,16731.180813,81664.288762,-11.911837721
30,Target30,2035-01-01 12:00:00,16734.813,10356.6767,0.00374,44.86,221.836,299.114,181.532,181.543490203,120.646,5.984664,4.010250172,10294.088499,10419.264901,MEO·倾斜·近圆,13211.777281,-1921.079529,10193.64137,1.944504841,4.099117543,-1.748524448,16797.37866,4862.221863,16734.57892,81672.581359,-11.909318661
31,Target31,2035-01-01 12:00:00,14441.238,8063.1017,0.00063,0.42,12.517,0.0,308.417,308.47354702,308.417,4.797501,5.002603972,8054.00372,8072.19968,MEO·赤道·近圆,11208.015599,-9097.225752,-82.90889,3.310274556,4.08223996,0.023954499,14435.581177,5255.775351,14441.232268,75870.162501,-13.800771149
32,Target32,2035-01-01 12:00:00,27324.861,20946.7247,0.69374,63.47,42.813,172.084,201.643,258.138207717,13.727,12.486635,1.922055039,1990.37563,39903.07377,HEO·临界倾角·大椭圆,25564.67693,29450.116541,8472.827301,-1.752461679,-0.70552309,1.348926373,39908.030186,2321.31151,14174.083396,75165.124224,-7.293732281
33,Target33,2035-01-01 12:00:00,26571.492,20193.3557,0.51562,63.43,151.742,269.413,74.286,24.982098741,343.699,11.973811,2.004374415,6492.562995,33894.148405,HEO·临界倾角·大椭圆,-13453.37261,9670.893321,-4296.993408,-4.084208936,0.004184332,3.859072807,17116.762677,5619.005523,19507.089265,88178.990659,-7.500528038
34,Target34,2035-01-01 12:00:00,26609.337,20231.2007,0.45583,63.48,287.916,270.728,301.527000001,338.218919778,212.255000001,11.999401,2.000099868,8101.866615,32360.534785,HEO·临界倾角·大椭圆,-8288.34001,12450.024496,-8129.014342,-0.228062196,-4.595666537,-3.267886906,17022.942291,5643.691001,21080.422644,91666.055729,-7.489860448
35,Target35,2035-01-01 12:00:00,42164.672,35786.5357,0.26842,63.435,196.438,270.126,143.817,122.2837902,53.943,23.934897,1.002719989,24468.694442,47104.376958,HEO·临界倾角·大椭圆,-23087.18838,-25639.399972,36116.620984,1.891131431,-0.318882773,1.6819974,49948.047104,2550.917397,39126.737049,124883.684532,-4.726711043
