burn,time_s,altitude_km,speed_before_km_s,speed_after_km_s,velocity_turn_deg,speed_change_km_s,direction_component_km_s,dv_km_s
1,184.535186219656,603.015986068958,7.56000778272548,9.54739106479905,0.0606043774870753,1.98738328207356,0.00898638082455269,1.98740359889627
2,784.535186219656,1406.17978002842,8.90901410484254,8.90901410484316,0,6.25277607468888e-13,0,4.96102771832746e-12
3,14555.3667624459,19775.4675742776,2.72779385984086,2.88319226239311,4.64853308945822,0.155398402552255,0.227466136009936,0.275480501210309
4,33143.5441410474,20093.4718061649,2.8189754390286,2.81776752544696,0.00450191751212178,-0.00120791358164052,0.000221448695607025,0.00122804509087211
5,46669.1743377248,3381.53711953677,7.71412003220286,8.1155082607578,0.452268381650701,0.401388228554944,0.0624559078091989,0.406218230071904
6,74595.4915359168,31151.7495554974,2.32810743782775,2.33182994148121,4.22480145708063,0.00372250365345472,0.17176521850241,0.171805550901674
7,92938.5216253669,20173.21588088,3.77101297622132,3.77109616960309,0.000861480878112822,8.31933817710961e-05,5.67003613924786e-05,0.000100678055478249
8,116361.085879566,28452.7119973938,2.66159340456666,2.92804794069046,5.18872848816048,0.266454536123798,0.252725954402755,0.367244370752958
9,141232.150910259,32956.0190831738,2.439892956619,2.49948083879966,7.4613937227726,0.0595878821806641,0.32136656800323,0.326844285146538
10,160612.82531383,28992.1886328659,2.91868149095114,3.14132569444594,1.289413814822,0.222644203494798,0.0681412909716249,0.23283830630958
11,204441.998066976,38831.6618247223,2.22768931908752,2.56443346173786,2.34199499112054,0.336744142650339,0.0976913528000768,0.350628318909383
12,244029.554593967,27460.7037434884,3.53577530236017,3.56630900939525,8.91717856217084,0.0305337070350777,0.552100633285186,0.552944315948007
13,270152.931427442,35769.0945983218,2.84156203129126,2.66881589381407,7.42139289586777,-0.172746137477188,0.35644869555773,0.396102134023657
14,290327.700545879,20231.4202378666,4.26228868225245,4.2875018481884,0.411782094536701,0.0252131659359502,0.0307232731335814,0.0397444744404324
15,336024.745363225,35383.3773978211,2.74095694909487,3.24397860060033,3.1945783353148,0.503021651505466,0.166235874163131,0.529778394937042
16,364904.550523607,37105.1249184482,3.12530661747505,2.69995521600323,1.36044078697025,-0.425351401471816,0.0689717754284917,0.43090709038005
17,387451.924049521,33383.9314879301,3.00092113887969,2.69596612146057,2.64983288789632,-0.304955017419115,0.131535098585066,0.332113000060036
18,413220.434982121,20202.7098024249,4.14855469683706,3.43000712859732,2.48489998130483,-0.718547568239731,0.163586765273006,0.736933672453443
19,438789.102120947,10344.9327098465,5.42624394667632,5.36519514235997,1.08741772953018,-0.0610488043163446,0.102402292075035,0.119219066976166
20,476217.915419946,20192.1525093054,3.33437567303361,3.39303582595566,13.4340334247516,0.0586601529220498,0.786846489913341,0.789030045200929
21,482682.809440505,18325.8608424496,3.71205314704203,4.01965226841284,0.783000804285893,0.307599121370808,0.0527882824090934,0.312095854230378
22,508732.295193288,22652.8148891206,3.36865920006787,2.83709086533534,2.35919502816494,-0.531568334732527,0.12728455028048,0.546595143804275
23,520183.252492251,10351.7295756374,5.31413852044032,5.28075036069049,0.232913905455362,-0.0333881597498298,0.0215345965764429,0.0397304424992948
24,533604.239243914,20185.9777288551,3.20084490266352,3.64484726728749,2.38631801097048,0.444002364623978,0.142248036188681,0.466232349361579
25,578669.267466652,25268.91549855,2.90943889245712,3.33738537686269,8.64993170122287,0.427946484405568,0.469986446799788,0.635629966010553
26,618770.200180978,20134.1714738029,4.00210692771669,3.85397770663412,1.60629388181994,-0.148129221082566,0.110099942746613,0.184565065847616
27,640871.004740497,20230.0716183806,3.83989198673072,3.9832096363268,3.86324993454756,0.143317649596077,0.26364770058469,0.300083419584185
28,655290.283305129,20413.6019956201,3.95736279964375,3.47353642493143,15.8746263238006,-0.483826374712323,1.02395234988312,1.13250447049821
29,682075.542487912,20746.1285174768,3.42062447363997,3.322792608412,1.21570115391329,-0.0978318652279677,0.0715319998496209,0.121193650231644
30,701709.519621874,9550.4405290638,5.63016241180374,5.61070921238843,0.176601637358636,-0.0194531994153175,0.0173237242999481,0.0260487694740664
31,721495.282662938,19002.2770736076,3.58352781562911,4.04723849202586,14.8855386530196,0.463710676396746,0.986630702195888,1.09016867223374
32,736906.860661839,20155.1656860312,3.8749647247838,4.0580597130667,0.912276579271052,0.183094988282908,0.0631382294064536,0.193675529551098
33,769631.285730193,23904.4049203852,3.5704317016405,3.65657743243906,6.262078326407,0.0861457307985534,0.394709372566797,0.404000712532651
34,805535.577463064,39612.5107446729,2.09263186528303,1.64632419384041,2.61890787739696,-0.446307671442623,0.0848328152321919,0.454298518739338
35,826861.294500412,2451.52170228728,8.69845547055116,8.72142347212403,0.0235568658622431,0.0229680015728668,0.00358104380023949,0.0232454935632188
