target,time_s,distance_km
17,8937.32392788446,8.93307339978567e-10
19,33142.4353483038,9.26893953688054e-09
34,44771.8507690069,2.60712381749491e-08
7,68019.0374963709,3.21161534588674e-08
18,92991.8901892596,8.24763136279494e-08
3,106113.574884458,4.10440457770224e-08
9,141129.395340449,3.42070854024304e-08
1,152590.764649238,6.4782180892008e-08
4,193944.954288054,4.04424613778104e-08
20,235108.831378144,5.18482108876823e-08
33,244069.949999073,3.63381681595242e-08
2,270155.467658243,1.95523752016631e-08
21,290333.913911272,5.9962168757988e-08
6,336011.65838237,5.0487485956076e-07
11,364938.795211022,2.50712897706407e-07
5,387405.329409331,2.7977523500555e-07
24,413335.659620299,2.32656794509456e-07
31,437094.145404983,3.88680497354467e-07
22,476320.056738477,1.4087262586717e-07
28,478269.628237193,1.1708288980765e-07
26,502420.524181528,1.47136311445191e-07
29,520186.730687852,1.95658566105306e-07
16,533637.739251959,1.19681344642998e-07
35,576676.575986082,5.01583036226641e-07
15,618783.389368329,2.00502692121301e-06
27,640821.047431482,2.23081819508685e-06
14,654661.403648316,3.12456367295363e-06
23,680930.238842191,2.84236163610575e-06
30,698709.018957113,6.28717046259427e-06
12,719504.416501589,7.50136787512941e-06
25,736907.31713141,4.91001429562005e-06
32,769300.067489465,2.57662564094589e-05
10,789366.213480965,1.64983886494355e-05
13,821858.802211178,1.63508027981388e-05
8,844303.824509165,5.87007642327175e-06
